N,P,K,temperature,humidity,ph,rainfall,soil_moisture,latitude,longitude,season,rainfall_past_2yr_avg,rainfall_estimated_this_year,soil_type
90,42,43,20.87974371,82.00274423,6.502985292,202.9355362,70.52,15.4021,85.3806,monsoon,967.9,1197.61,rice
85,58,41,21.77046169,80.31964408,7.038096361,226.6555374,51.79,27.3624,69.6305,monsoon,473.72,618.67,rice
60,55,44,23.00445915,82.3207629,7.840207144,263.9642476,100,12.2426,83.0887,monsoon,3539.45,4748.31,rice
74,35,40,26.49109635,80.15836264,6.980400905,242.8640342,89.42,20.0568,75.872,monsoon,1470.79,1799.28,rice
78,42,42,20.13017482,81.60487287,7.628472891,262.7173405,45.07,29.4686,69.5471,monsoon,311.93,378.09,rice
69,37,42,23.05804872,83.37011772,7.073453503,251.0549998,100,8.531,85.4516,monsoon,3814.35,5555.36,rice
69,55,38,22.70883798,82.63941394,5.70080568,271.3248604,44.95,25.1575,71.3433,monsoon,288.56,394.09,rice
94,53,40,20.27774362,82.89408619,5.718627178,241.9741949,56.89,28.5078,75.5845,monsoon,581.57,797.96,rice
89,54,38,24.51588066,83.5352163,6.685346424,230.4462359,100,8.1013,71.5894,monsoon,2858.3,3743.94,rice
68,58,38,23.22397386,83.03322691,6.336253525,221.2091958,100,14.3612,77.7565,monsoon,1835.41,2440.23,rice
91,53,40,26.52723513,81.41753846,5.386167788,264.6148697,100,12.8938,70.3374,monsoon,2118.85,2643.14,rice
90,46,42,23.97898217,81.45061596,7.50283396,250.0832336,48.05,31.2403,81.2676,monsoon,384.46,481.38,rice
78,58,44,26.80079604,80.88684822,5.108681786,284.4364567,62.42,16.2753,69.6686,monsoon,696.78,1026.41,rice
93,56,36,24.01497622,82.05687182,6.98435366,185.2773389,44.57,30.703,72.3135,monsoon,276.97,388.26,rice
94,50,37,25.66585205,80.66385045,6.94801983,209.5869708,100,8.9243,78.5854,monsoon,2552.91,3299.6,rice
60,48,39,24.28209415,80.30025587,7.042299069,231.0863347,44.03,30.6421,83.2125,monsoon,269.79,373.94,rice
85,38,41,21.58711777,82.7883708,6.249050656,276.6552459,100,14.5063,81.444,monsoon,2145.47,3076.48,rice
91,35,39,23.79391957,80.41817957,6.970859754,206.2611855,97.27,17.0202,85.1227,monsoon,1514.14,2263.26,rice
77,38,36,21.8652524,80.1923008,5.953933276,224.5550169,94.38,20.3564,83.4979,monsoon,1449,2158.73,rice
88,35,40,23.57943626,83.58760316,5.85393208,291.2986618,100,10.9745,78.1507,monsoon,3556.95,4255.74,rice
89,45,36,21.32504158,80.47476396,6.442475375,185.4974732,100,12.4579,74.8077,monsoon,2177.02,3154.01,rice
76,40,43,25.15745531,83.11713476,5.070175667,231.3843163,100,14.6761,69.1937,monsoon,2633.53,3512.05,rice
67,59,41,21.94766735,80.97384195,6.012632591,213.3560921,72.59,23.7142,86.2849,monsoon,1043.3,1242.03,rice
83,41,43,21.0525355,82.67839517,6.254028451,233.1075816,63.84,23.7546,71.5101,monsoon,750.78,1036.8,rice
98,47,37,23.48381344,81.33265073,7.375482851,224.0581164,100,10.6208,77.4333,monsoon,3391.11,4532.72,rice
66,53,41,25.0756354,80.52389148,7.778915154,257.0038865,75.85,17.013,78.5335,monsoon,1026.14,1484.89,rice
97,59,43,26.35927159,84.04403589,6.286500176,271.3586137,73.82,21.2061,83.5977,monsoon,1035.09,1314.38,rice
97,50,41,24.52922681,80.54498576,7.070959995,260.2634026,54.26,31.3196,79.1042,monsoon,557.72,669.98,rice
60,49,44,20.77576147,84.49774397,6.244841491,240.0810647,100,11.611,74.2662,monsoon,2144.12,2519.01,rice
84,51,35,22.30157427,80.64416466,6.043304899,197.9791215,100,14.7271,84.2733,monsoon,3106.2,4616.36,rice
73,57,41,21.44653958,84.94375962,5.824709117,272.2017204,100,10.1944,76.5699,monsoon,3184.26,4742.27,rice
92,35,40,22.17931888,80.33127223,6.357389366,200.0882787,54,30.3239,73.4793,monsoon,520.02,704.31,rice
85,37,39,24.52783742,82.73685569,6.364134968,224.6757231,41.69,28.9859,79.4721,monsoon,208.32,283.39,rice
98,53,38,20.26707606,81.63895217,5.01450727,270.4417274,56.27,21.154,71.1009,monsoon,591.4,752.15,rice
88,54,44,25.7354293,83.88266234,6.149410611,233.1321372,45.63,28.5048,81.4213,monsoon,307.66,405.9,rice
95,55,42,26.79533926,82.1480873,5.950660556,193.3473987,73.09,17.4846,78.8592,monsoon,944.62,1398.6,rice
99,57,35,26.75754171,81.17734011,5.960370061,272.2999056,100,8.4324,77.0553,monsoon,2810.93,3965.91,rice
95,39,36,23.86330467,83.15250801,5.561398642,285.2493645,100,10.4981,81.6134,monsoon,3845.01,5170.05,rice
60,43,44,21.01944696,82.95221726,7.416245107,298.4018471,100,10.6371,76.1884,monsoon,4118.2,5476.21,rice
63,44,41,24.17298839,83.7287574,5.583370042,257.0343554,90.78,18.9402,84.7596,monsoon,1516.51,1804.92,rice
62,42,36,22.78133816,82.06719137,6.430010215,248.7183228,53.61,30.7034,70.9973,monsoon,528.55,655.69,rice
64,45,43,25.62980105,83.52842314,5.534878156,209.9001977,43.07,31.0812,72.7272,monsoon,250.89,313.37,rice
83,60,36,25.59704938,80.14509262,6.903985986,200.834898,100,12.3148,70.865,monsoon,3085.85,3646.15,rice
82,40,40,23.83067496,84.81360127,6.271478838,298.5601175,100,13.6446,69.747,monsoon,3315.31,4019.38,rice
85,52,45,26.31355498,82.36698992,7.224285503,265.5355937,47.36,25.9888,87.4742,monsoon,342.81,484.27,rice
91,35,38,24.8972823,80.52586088,6.13428721,183.6793207,100,14.246,84.7644,monsoon,3115.3,4500.63,rice
76,49,42,24.958779,84.47963372,5.206373153,196.9560008,42.75,29.669,79.9362,monsoon,246.39,291.92,rice
74,39,38,23.24113501,84.59201843,7.782051313,233.0453455,52.29,29.2959,83.9917,monsoon,469.41,629.26,rice
79,43,39,21.66628296,80.70960551,7.062779015,210.8142087,100,10.866,82.1492,monsoon,3018.45,3765.5,rice
88,55,45,24.63544858,80.41363018,7.730367824,253.7202781,67.99,19.0347,84.1805,monsoon,870.49,1168.98,rice
60,36,43,23.43121862,83.06310136,5.286203711,219.9048349,63.21,21.414,87.097,monsoon,747.87,996.7,rice
76,60,39,20.0454142,80.3477562,6.766240045,208.5810155,54.18,30.8506,77.2887,monsoon,535.03,696.06,rice
93,56,42,23.85724032,82.22572988,7.382762603,195.0948311,93,18.6242,70.1059,monsoon,1459.1,2039.9,rice
65,60,43,21.97199397,81.89918197,5.658169482,227.3637009,46.13,29.0341,84.851,monsoon,308.95,450.46,rice
95,52,36,26.22916897,83.83625819,5.543360238,286.5083725,56.97,23.3213,82.8818,monsoon,626.06,737.35,rice
75,38,39,23.44676801,84.79352417,6.215109715,283.9338466,62.53,18.2118,68.7594,monsoon,773.21,905.5,rice
74,54,38,25.65553461,83.47021081,7.120272972,217.3788583,72.07,19.0326,79.0766,monsoon,949.71,1315.55,rice
91,36,45,24.44345477,82.45432595,5.950647577,267.9761948,46.61,31.6136,78.9677,monsoon,321.45,462.14,rice
71,46,40,20.2801937,82.1235421,7.236705436,191.9535738,70.38,22.8168,77.2483,monsoon,920.62,1250.03,rice
99,55,35,21.7238313,80.2389895,6.501697816,277.9626192,74.08,23.8838,85.7978,monsoon,1092.49,1280.53,rice
72,40,38,20.41447029,82.20802629,7.592490617,245.1511304,100,8.7192,75.2138,monsoon,4420.14,5943,rice
83,58,45,25.75528612,83.51827127,5.875345751,245.6626799,100,11.452,86.2215,monsoon,2032.63,2470.71,rice
93,58,38,20.61521424,83.77345559,6.932400225,279.5451717,51.89,27.147,81.4869,monsoon,487.65,584.14,rice
70,36,42,21.84106875,80.72886384,6.946209881,202.3838319,79.31,19.4431,81.7886,monsoon,1177.21,1512.56,rice
76,47,42,20.08369642,83.29114712,5.739175027,263.6372176,48.44,31.0442,83.9277,monsoon,387.78,490.3,rice
99,41,36,24.45802087,82.74835604,6.738652179,182.5616319,41.66,25.5036,75.4252,monsoon,205.73,284.79,rice
99,54,37,21.14347496,80.33502926,5.594819626,198.6730942,100,14.8896,81.2239,monsoon,1900.42,2495.75,rice
86,59,35,25.78720567,82.11124033,6.946636369,243.5120414,51.67,26.0994,74.1323,monsoon,458.62,618.95,rice
69,46,41,23.64124821,80.28597873,5.012139669,263.1103304,59.17,31.1328,87.312,monsoon,619.18,916.94,rice
91,56,37,23.43191632,80.56887849,6.363472208,269.5039162,74.67,16.1221,72.7352,monsoon,1056.99,1364.98,rice
61,52,41,24.97669518,83.891805,6.880431223,204.8001847,54.32,26.0301,73.1645,monsoon,537.87,678.54,rice
67,45,38,22.72791041,82.1706881,7.300410836,260.8875056,100,9.231,68.6374,monsoon,2197.08,2584.32,rice
79,42,37,24.87300744,82.84022551,6.587918708,295.6094492,100,13.5652,77.8632,monsoon,2898.17,3762.25,rice
78,43,42,21.32376327,83.00320459,7.283736617,192.3197536,72.39,23.0132,83.3561,monsoon,994.18,1280.32,rice
75,54,36,26.29465461,84.56919326,7.023936392,257.4914906,50.27,27.3022,86.3026,monsoon,435.25,540.48,rice
97,36,45,22.2286982,81.85872947,6.939083505,278.0791793,50.64,28.8311,76.5496,monsoon,415.75,609.52,rice
67,47,44,26.73072391,81.78596776,7.868474653,280.4044392,100,8.8953,75.9508,monsoon,3535.59,4749.15,rice
73,35,38,24.88921174,81.97927117,5.005306977,185.9461429,68.86,21.1416,85.6239,monsoon,937.91,1127.17,rice
77,36,37,26.88444878,81.46033732,6.136131869,194.5766559,51.66,31.0776,79.9776,monsoon,484.74,587.68,rice
81,41,38,22.67846116,83.72874389,7.524080076,200.9133156,70.08,21.9671,83.9663,monsoon,967.98,1156.21,rice
68,57,43,26.08867875,80.37979919,5.706943251,182.9043504,86.47,19.5312,86.6963,monsoon,1264.68,1876.16,rice
72,45,35,25.42977518,82.94682591,5.758506323,195.3574542,42.13,31.3525,74.8978,monsoon,227.6,285.63,rice
61,53,43,26.40323239,81.05635517,6.349606327,223.3671883,75.42,16.4189,72.2846,monsoon,1085.68,1373.39,rice
67,43,39,26.04371967,84.96907151,5.999969026,186.7536773,59.28,21.0094,80.8539,monsoon,630.96,877.3,rice
67,58,39,25.2827223,80.54372813,5.453592032,220.1156708,100,13.7735,83.6358,monsoon,3510.07,4689.79,rice
66,60,38,22.08576562,83.47038318,6.372576327,231.7364957,100,11.1229,86.721,monsoon,2815.7,3475.26,rice
82,43,38,23.28617173,81.43321641,5.105588355,242.3170629,100,9.4292,83.3677,monsoon,3951.28,5564.75,rice
84,50,44,25.48591986,81.40633547,5.935344406,182.6549356,75.57,23.7588,76.9774,monsoon,1012.11,1479.04,rice
81,53,42,23.67575393,81.03569343,5.17782304,233.7034975,49.61,27.2053,87.3889,monsoon,405.87,559.26,rice
91,50,40,20.82477109,84.1341879,6.462391607,230.2242223,39.98,24.6888,82.3319,monsoon,174.55,204.94,rice
93,53,38,26.92995077,81.91411159,7.069172227,290.6793783,100,13.1266,86.0915,monsoon,2011.66,2500.64,rice
90,44,38,23.83509503,83.88387074,7.473134377,241.2013513,100,12.1225,75.9233,monsoon,3292.86,4888.63,rice
81,45,35,26.52872817,80.12267476,6.158376967,218.9163567,42.07,25.3238,77.5776,monsoon,240.54,282.91,rice
78,40,38,26.46428311,83.85642678,7.549873681,248.2256491,100,8.4472,72.102,monsoon,3044.73,4204.79,rice
60,51,36,22.69657794,82.81088865,6.028321558,256.9964761,53.47,27.6992,72.3028,monsoon,521.97,650.27,rice
88,46,42,22.68319059,83.46358271,6.604993475,194.2651719,100,8.1947,85.1376,monsoon,3587.33,5216.93,rice
93,47,37,21.53346343,82.14004101,6.500343222,295.9248796,87.44,20.5392,68.9176,monsoon,1426.94,1712.57,rice
60,55,45,21.40865769,83.3293191,5.935745417,287.5766935,43.35,29.1584,87.6836,monsoon,248.35,336.49,rice
78,35,44,26.54348085,84.67353597,7.072655622,183.6222657,100,13.3411,74.8664,monsoon,2540.45,3002.33,rice
65,37,40,23.35905428,83.59512273,5.333322606,188.413665,100,8.882,74.0022,monsoon,3699.53,5525.78,rice
71,54,16,22.61359953,63.69070564,5.749914421,87.75953857,60.87,16.2969,79.0392,rabi,911.98,750.83,maize
61,44,17,26.10018422,71.57476937,6.931756558,102.2662445,54.73,26.9312,68.6101,monsoon,554.74,764.85,maize
80,43,16,23.55882094,71.59351368,6.657964753,66.71995467,52.78,27.7403,85.8114,rabi,639.83,521.56,maize
73,58,21,19.97215954,57.68272924,6.596060648,60.65171481,100,12.8361,86.561,monsoon,2225.01,3237.75,maize
61,38,20,18.47891261,62.69503871,5.970458434,65.43835393,43.39,30.7107,85.5366,monsoon,302.86,404.46,maize
68,41,16,21.77689322,57.80840636,6.158830619,102.0861694,86.13,23.2888,85.0705,monsoon,1383.46,1845.24,maize
93,41,17,25.6217169,66.50415474,6.047906679,105.4654703,90.26,19.8134,72.4398,monsoon,1404.1,2035.27,maize
89,60,19,25.19192419,66.6902901,5.913664501,78.06639649,45.55,24.5559,81.0663,rabi,447.16,329.22,maize
76,44,17,20.41683147,62.5542482,5.855442401,65.27798457,37.75,24.7923,80.7235,rabi,203.19,162.11,maize
67,60,25,24.92162194,66.78627406,5.750254943,109.2162279,84.26,15.0907,79.4904,monsoon,1297.05,1776.02,maize
70,44,19,23.31689124,73.4541537,5.852607099,94.29712821,44.17,31.4268,77.8758,rabi,368.96,296.45,maize
90,49,21,24.84016732,68.3584573,6.472523287,74.05474936,41.72,30.5285,84.7479,rabi,304.77,252.61,maize
62,52,16,22.27526694,58.84015925,6.967057762,63.87020584,39.51,25.8235,73.6359,rabi,277.98,204.23,maize
92,44,16,18.87751445,65.76816093,6.082973754,94.76189431,39.5,24.9194,85.3149,winter,274.28,162.22,maize
66,54,21,25.19008683,60.2001687,5.919045532,72.12375573,63.24,17.5015,75.2161,rabi,990.55,827.43,maize
63,58,22,18.25405352,55.28220433,6.204747653,63.72358154,100,12.6506,80.4336,winter,3076.74,1899.75,maize
70,47,17,24.6129118,70.4162444,6.600827017,104.1626147,69.64,21.043,78.9616,monsoon,939.3,1254.19,maize
61,41,17,25.1420613,65.26185135,6.021902237,76.68456006,100,9.1857,81.8234,rabi,2868.1,2374.06,maize
66,53,19,23.09348056,60.1159381,6.033550195,65.49730729,57.51,17.1117,82.2965,rabi,838.79,648.43,maize
74,55,19,18.05033737,62.89366992,6.28886807,84.23613484,87.81,15.6025,72.5445,monsoon,1346.76,1972.09,maize
77,57,21,24.9321581,73.80435276,6.550563823,79.74078719,41.86,31.5018,87.5046,rabi,309.24,219.7,maize
99,50,15,18.14710054,71.09445342,5.573286437,88.07753741,100,8.3373,86.6244,zaid,4140.08,3862.47,maize
74,56,22,18.28362235,66.65952796,6.829199275,80.97573281,40.09,25.5175,85.2384,kharif,225.11,261.35,maize
83,45,21,18.83344471,58.75082029,5.716222912,79.7532896,43.76,31.6907,75.2428,monsoon,333.91,414.11,maize
100,48,16,25.71895816,67.22190688,5.54990242,74.51490791,55.57,22.5574,78.1374,rabi,780.94,548.75,maize
79,51,16,25.33797709,68.49835977,6.586244581,96.46380213,100,10.5172,70.4957,rabi,2386.16,1935.25,maize
94,39,18,23.89114571,57.48775781,5.893093135,102.8301942,100,14.1464,86.1859,monsoon,2524.7,3039.49,maize
75,49,15,21.53574127,71.50905983,5.918263801,102.4852929,100,8.0171,80.4461,monsoon,3068.09,3676.16,maize
78,48,22,23.08974909,63.10459626,5.588650585,70.43473609,39.55,26.8029,75.6998,rabi,250.9,214.86,maize
87,54,20,25.61707368,63.4711755,6.576418207,108.8303762,51.9,29.8227,74.092,monsoon,533.23,659.15,maize
87,35,25,21.44526922,63.1621551,6.178056304,65.88951188,79.39,23.7197,72.3285,rabi,1517.58,1181.62,maize
63,43,19,18.51816776,55.53128131,6.641906353,90.988051,40.99,30.6786,75.5029,rabi,346.14,234.19,maize
84,57,25,22.53510514,67.99257471,6.489040367,64.40866039,40.05,25.2341,85.6981,rabi,259.95,203.27,maize
64,35,23,23.02038334,61.89472002,5.680361038,63.03843397,100,11.6383,85.0381,rabi,3434.68,2869.8,maize
60,46,22,24.89364635,65.61418761,6.625404348,87.9298085,68.44,16.5667,79.9241,rabi,1207.66,848.24,maize
98,44,21,25.77175115,74.089114,6.524478032,107.4931917,82.23,22.8956,87.7665,monsoon,1211.8,1705.57,maize
75,56,18,19.39851734,62.35750641,5.696205468,60.95197486,55.63,21.7012,75.6983,kharif,626.75,790.59,maize
86,55,21,21.54156232,59.64024162,6.803931519,109.7515385,100,8.1132,71.4388,monsoon,3626.09,4675.92,maize
98,35,18,23.79746068,74.82913698,6.252797548,91.76337172,47.37,26.1415,72.8534,rabi,481.88,350.06,maize
76,57,18,18.9802729,74.52600826,6.092725883,94.26249353,85.11,21.5877,76.7973,monsoon,1345.24,1716.54,maize
99,56,17,24.10859207,73.13112261,6.234330356,71.07562236,100,11.0928,83.2992,rabi,3210.19,2611.75,maize
60,44,23,24.7947077,70.04556743,5.722579819,76.72860067,100,14.7127,73.74,rabi,2485.02,2108.27,maize
74,48,17,21.63162756,60.27766379,6.430616465,69.21803098,62.72,16.9777,81.4461,rabi,1022.95,748.7,maize
89,60,17,25.37548751,57.21025565,5.983952675,101.7004306,45.93,31.7555,70.1914,monsoon,397.52,484.13,maize
69,51,23,22.21738222,72.85462807,6.80163854,106.6213157,100,9.0087,71.146,monsoon,3770.41,4645.53,maize
96,46,22,20.58314011,69.00128641,6.499936446,66.29390357,100,11.3126,68.8485,rabi,2575.79,2058.71,maize
61,60,15,24.87502824,68.74248334,6.265564338,91.26056654,68.69,19.8546,78.3481,rabi,1204.8,847.94,maize
74,58,18,20.03728219,56.35606753,6.727303282,109.024141,100,12.384,77.2821,monsoon,2659.26,3414.56,maize
74,43,23,25.95263264,61.89082199,6.325235159,99.57981207,86.36,9.0341,77.2499,rabi,1764.04,1325.86,maize
63,43,17,19.28889933,65.47050802,6.807487794,71.3195307,47.5,28.5328,77.6393,rabi,522.14,367.2,maize
99,36,20,20.57981887,65.34583901,6.671085817,78.34604471,78.47,21.435,71.9084,rabi,1455.45,1188.22,maize
77,36,23,24.71417533,56.73426469,6.648725327,88.45361858,70.8,15.3045,68.9476,rabi,1330.29,901.07,maize
87,60,23,20.27317074,63.91281869,6.439071996,62.50351892,63.26,15.3315,73.1439,rabi,1017.3,768.48,maize
60,38,17,18.41932981,64.23580251,6.474476516,76.41312437,60.33,21.3783,70.0895,summer,1037.56,543.67,maize
94,54,17,23.39128187,61.74427165,5.871647806,107.3198135,48.2,28.9521,85.3746,monsoon,422.97,571.22,maize
95,38,22,19.84939404,61.24500053,5.730617109,100.7689246,53.87,26.0255,80.3021,monsoon,580.13,742.67,maize
84,44,21,21.869274,61.91044947,5.850439831,107.2681929,48.92,24.1443,70.0461,monsoon,419.05,623.42,maize
77,58,19,22.8056033,56.50768935,5.791649933,101.5952794,41.55,26.8196,78.5708,monsoon,281.18,351.79,maize
66,44,20,19.0781471,69.02298571,6.740000688,80.72515943,100,11.1197,80.265,kharif,3412.71,3896.15,maize
63,35,16,22.02720976,65.35549924,6.272417541,83.73280082,100,13.9333,82.5778,rabi,2295.99,1622.26,maize
79,45,20,23.80546189,59.24537979,5.715208817,89.9622014,46.14,30.6016,68.0376,rabi,499.14,348.83,maize
72,60,25,18.52510753,69.0276233,5.773454729,88.10234397,59.97,17.5811,81.5665,winter,942.28,615.02,maize
67,51,24,23.50297882,61.32026065,5.584171461,64.77791424,67.39,15.5873,86.3442,rabi,1123.15,919.93,maize
86,36,24,26.54986394,72.89187265,5.787268394,73.33636055,62.53,17.0386,70.3155,rabi,927.97,778.72,maize
76,48,18,19.29563411,69.63481219,5.77597783,83.21030571,39.6,28.8612,87.8851,rabi,240.91,187.98,maize
75,53,18,20.68899915,59.4375337,6.864793607,103.651438,100,9.2219,74.1314,monsoon,2848,3811.29,maize
81,45,23,19.32666088,68.034493,6.192360003,84.22969177,100,9.4187,70.3077,kharif,3220.58,4074.03,maize
73,45,21,24.60532218,73.58868502,6.636803223,96.59195302,78.41,19.8451,70.4334,rabi,1447.87,1139.79,maize
71,35,24,22.27373646,59.52193158,5.826426917,67.96704792,49.04,30.2413,87.8404,rabi,562.32,455.78,maize
96,54,22,25.70196694,61.33450447,6.960358276,83.20711308,100,13.242,81.8162,rabi,4139.17,3480.39,maize
99,39,18,19.20129357,68.30578978,6.11275104,87.85092352,95.21,14.1225,81.6989,kharif,1815.45,1804.74,maize
62,48,20,21.70181447,60.47470519,6.708446922,95.71388473,40.71,28.3477,75.7279,rabi,305.28,237.35,maize
86,37,16,20.51716779,59.21235483,5.561510732,67.61013737,100,9.4986,71.1355,rabi,3566.37,2413.11,maize
94,50,19,23.30355338,73.62548442,5.873242491,97.59081274,64.43,17.0906,68.8106,rabi,1004.53,798.45,maize
76,39,24,24.2547451,55.64709899,6.995843776,64.23845455,67.6,15.3117,80.9775,rabi,1204.03,863.92,maize
77,52,17,24.86374934,65.7420046,5.714799723,75.82270467,95.52,12.4242,69.9717,rabi,2096.54,1467.61,maize
74,39,23,22.6265115,65.77472881,6.78073637,88.17251033,67.12,17.7766,69.3347,rabi,1161.83,820.08,maize
81,49,20,18.04185513,60.61494304,5.513697923,104.2321615,100,10.1483,69.5649,monsoon,2006.17,2412.22,maize
63,42,21,23.26237612,72.33125523,5.798423908,67.10225139,49.25,27.0105,82.8224,rabi,540.48,413.76,maize
99,38,21,22.88330922,71.59722446,6.352471866,67.72777298,45.77,29.9496,84.876,rabi,441.78,318.59,maize
90,52,25,25.97482359,69.36385721,6.822586546,103.2234212,100,9.1426,74.4792,monsoon,3760.25,4747.73,maize
68,40,19,26.14384005,66.20569924,6.655426355,107.2361366,100,9.3101,72.3779,monsoon,2660.74,3151.01,maize
60,57,24,18.66116213,61.55327249,6.121294041,75.03247667,42.08,26.4765,75.7415,kharif,294.24,336.14,maize
71,52,18,25.10787449,55.97732754,5.790770203,78.16077693,59.3,19.588,72.5504,rabi,922.06,684.15,maize
61,59,17,23.33844615,59.24580604,6.47444292,105.0083144,100,13.1498,85.1809,monsoon,2176.68,2981.55,maize
88,38,15,25.08239719,65.92195844,6.455116637,62.49190812,41.43,30.445,76.4398,rabi,323.44,224.63,maize
65,60,22,25.36768364,72.52054555,6.606984086,107.9124111,86.9,22.8779,78.592,monsoon,1410.14,1762.94,maize
78,37,22,25.34217103,63.31801994,6.330554389,74.52082026,98.96,13.8561,79.7433,rabi,2132.77,1665.1,maize
78,58,15,25.00933355,67.816568,6.528631266,62.91359494,53.74,17.8465,80.0025,rabi,723.46,499.06,maize
92,60,23,18.66746724,71.516474,5.721667141,69.93293255,100,13.5889,77.1646,zaid,2853.09,2734.19,maize
79,59,17,20.37999665,63.73849998,6.644205485,108.5054416,100,11.4872,73.438,monsoon,1844.08,2403.09,maize
91,55,15,18.09300227,72.61024172,6.376651091,78.96159541,52.29,27.8427,78.4212,zaid,619.25,509.72,maize
76,51,18,26.16985907,71.96246617,6.247040422,79.84925393,63.7,15.5562,70.3637,rabi,995.38,772.77,maize
87,48,25,18.65396672,61.37879671,6.656730008,93.62039175,100,14.8209,81.0274,winter,2336.84,1530.53,maize
71,60,22,26.07470121,59.37147589,6.2048017,85.75692395,39.44,28.8315,79.3774,rabi,270.53,206.32,maize
90,57,24,18.92851916,72.80086137,6.158860284,82.34162918,49.45,26.4072,83.1494,winter,608.5,333.65,maize
67,35,22,23.30546753,63.24648023,6.385684214,108.7603001,50.68,24.6383,79.438,monsoon,489.56,637.65,maize
60,54,19,18.74826712,62.49878458,6.417820493,70.23401597,100,8.2822,72.0527,kharif,2169.89,2469.92,maize
83,58,23,19.74213321,59.66263104,6.381201909,65.50861389,59.88,15.6367,70.1823,rabi,889.59,741.76,maize
83,57,19,25.73044432,70.74739256,6.877869005,98.73771338,49.29,26.0579,80.0619,rabi,553.45,409.51,maize
40,72,77,17.02498456,16.98861173,7.485996067,88.55123143,38.74,28.0276,82.1017,kharif,320.23,375.82,chickpea
23,72,84,19.02061277,17.13159126,6.920251378,79.92698081,100,13.618,84.34,kharif,3165.32,3729.83,chickpea
39,58,85,17.88776475,15.40589717,5.996932037,68.54932919,65.43,17.0062,75.1089,monsoon,1016.48,1237.36,chickpea
22,72,85,18.86805647,15.65809214,6.391173589,88.51048983,69.2,17.1944,87.7622,kharif,1151.64,1306.76,chickpea
36,67,77,18.36952567,19.56381041,7.152811172,79.26357665,57.58,19.599,72.6148,zaid,911.94,825.33,chickpea
32,73,81,20.45078582,15.40312102,5.988992796,92.68373702,45.63,30.1682,79.5291,rabi,581.49,497.65,chickpea
58,70,84,20.6543203,16.60820843,6.231049028,74.6631118,46.83,18.38,84.9975,rabi,662.75,461.2,chickpea
59,70,84,17.3348681,18.74926979,7.550808267,82.61734721,59.98,15.0191,68.408,summer,1164.01,654.8,chickpea
42,62,75,18.17912258,18.90426935,7.010570541,81.84997529,62.09,17.125,77.8125,kharif,989.79,1026.89,chickpea
28,74,81,18.01272266,18.30968112,8.753795334,81.98568791,37.19,29.4829,76.4029,monsoon,257.32,347.84,chickpea
58,66,79,20.99373558,19.33470387,8.718192847,93.55280105,46.83,20.2677,74.8929,rabi,623.26,495.16,chickpea
43,66,79,19.46233971,15.22538951,7.976607593,74.58565097,100,13.8197,81.0066,kharif,2983.28,3694.74,chickpea
58,63,81,19.81344531,14.69765308,6.515499549,78.96514709,53.57,19.8441,78.3716,zaid,853.31,669.13,chickpea
23,62,85,18.97424756,19.5161216,8.490127142,80.7108745,36.6,25.6086,81.0187,rabi,293.64,251.79,chickpea
27,62,77,18.19737048,14.71070537,6.576415562,70.18185181,56.65,17.8966,84.436,kharif,791.38,956.82,chickpea
28,72,84,18.72963144,19.18197264,6.481783043,71.58010169,100,9.9215,72.7794,rabi,2528.44,2011.08,chickpea
50,56,76,20.99502153,19.8601304,7.966605025,73.50734019,52.98,18.5987,68.6185,rabi,809.96,652.68,chickpea
39,71,84,20.28155898,16.39535215,8.140825437,82.52339655,100,13.4022,86.5974,rabi,3976.12,3176.24,chickpea
25,78,76,17.48042641,15.7559405,7.228963452,66.96980581,81.1,22.1721,85.2222,kharif,1427.29,1732.15,chickpea
31,70,77,20.88818675,14.32313811,6.492546046,90.46228334,100,9.3812,77.3108,rabi,3463.89,2577.89,chickpea
26,80,83,17.08498521,16.14565756,7.528599957,71.31007253,60.46,23.7757,75.4643,rabi,1067.35,833.54,chickpea
25,68,77,20.09340593,15.11279612,7.701446446,85.74904898,100,8.5296,75.0757,rabi,3413.58,2369.7,chickpea
31,78,76,17.57212145,14.99927489,8.519975748,89.31050665,59.4,20.7301,72.0104,winter,1099.74,727.31,chickpea
60,68,83,19.12065218,18.43475844,6.620900869,85.52950164,66.74,21.9471,82.2772,monsoon,1039.57,1273.61,chickpea
59,62,83,18.57665902,19.22008229,8.104396058,72.94940441,100,13.8727,76.9581,rabi,2877.29,2027.75,chickpea
22,67,78,17.16606398,14.42457525,6.204090835,72.32667516,88.56,12.721,78.1083,winter,2080.83,1366.74,chickpea
36,65,80,18.2872007,16.67921616,6.051091339,74.87445574,51.31,23.9112,84.8341,zaid,722.2,679.98,chickpea
59,60,84,19.03025305,18.66725565,7.690962338,94.70992037,61.01,15.8507,83.3005,rabi,1072.66,845.87,chickpea
54,77,85,17.1418614,17.0662427,7.829211144,83.74606679,61.96,22.0172,86.9441,kharif,985.36,1036.18,chickpea
43,68,81,17.47809436,17.93253975,6.761599706,78.92060234,41.37,25.8597,84.1588,zaid,443.45,380.36,chickpea
28,76,82,20.56601874,14.25803981,6.654425315,83.75937135,92.82,14.0684,80.8845,rabi,2151.1,1558.17,chickpea
42,79,85,17.22385224,15.82069268,6.129533877,76.57580954,33.32,24.5974,72.591,summer,244.07,124.02,chickpea
32,60,83,19.69141713,19.44225438,8.829273328,91.76071648,48.86,22.3127,80.0035,winter,773.43,429.97,chickpea
22,78,76,17.84851658,19.09172907,8.621662982,76.32470713,41.86,26.2218,78.8609,summer,554.03,257.87,chickpea
31,79,75,18.8202251,16.1074793,8.204862075,89.73119396,48.45,21.7177,81.4239,summer,784.39,410.37,chickpea
28,58,81,17.47500984,16.54314829,6.18042747,93.35034262,100,9.2694,69.2552,zaid,2340.44,2282.53,chickpea
57,58,77,18.72649425,17.58406365,7.978996755,81.20176515,41.87,28.2973,72.8299,zaid,459.09,395.3,chickpea
49,55,78,18.65580107,16.17772668,7.863113671,81.70769297,37.29,26.6533,84.4032,kharif,284.77,332.1,chickpea
46,76,77,18.2356751,19.68538502,6.967843048,83.74879344,66.23,15.0177,84.5595,kharif,1012.66,1267.11,chickpea
54,61,77,18.81198127,15.21618225,6.206582193,77.5429424,39.67,30.0482,84.4885,zaid,392.97,352.5,chickpea
38,60,76,18.65054116,17.80852431,8.868741443,77.92798682,67.85,19.3982,86.9631,kharif,1135.15,1224.35,chickpea
59,55,79,20.36720401,16.89574311,8.766128654,82.2545577,55.55,18.891,85.2164,rabi,928.27,686.08,chickpea
36,76,75,18.38120357,16.63805158,8.736337905,70.52056697,42.42,21.937,86.5875,summer,574.21,284.79,chickpea
57,68,81,17.17012591,17.30457712,8.081095263,72.78624223,34.21,31.9711,72.2098,winter,253.43,160.44,chickpea
35,66,81,19.37101121,15.77458129,6.138243973,85.24819851,100,14.06,79.0606,kharif,2929.92,3069.7,chickpea
35,64,78,17.92845928,14.27327988,7.496645259,85.37378769,77.01,23.0045,80.8482,kharif,1302.14,1635.88,chickpea
52,60,79,19.45339934,18.23490739,8.380185271,75.6317566,53.55,18.9296,74.1941,rabi,883.85,603.48,chickpea
27,76,83,19.12829388,14.92241479,6.289614016,89.61857826,100,13.0176,70.9105,kharif,3039.97,3685.83,chickpea
57,60,84,19.1034283,17.26184541,6.586777189,75.49101167,73.98,15.4825,82.0015,monsoon,1199.86,1550.41,chickpea
52,68,78,17.48504075,16.96070581,6.89655198,86.05078037,68.65,16.0578,84.4292,summer,1559.5,717.32,chickpea
43,79,79,19.40751744,18.98030507,7.806747656,80.25064637,100,13.0931,76.6944,monsoon,2247.91,3091,chickpea
44,74,85,20.18649426,19.63719995,7.150681303,78.26039559,44.97,28.1626,87.1181,rabi,587.74,416.64,chickpea
24,55,78,17.30287885,15.15405941,6.64919573,75.57790384,100,12.5094,87.9472,rabi,2732.85,2300.66,chickpea
29,77,75,17.50361137,15.48083156,7.778591618,72.9446671,100,14.8909,87.1451,monsoon,2522.2,3368.97,chickpea
20,60,78,18.17234999,14.70085967,6.358740355,90.7760707,57.63,15.5728,81.7763,winter,1089.51,624.88,chickpea
56,67,78,17.57445618,16.71826572,8.255450758,77.81891424,44.72,28.7539,72.7523,kharif,492.18,546.73,chickpea
37,66,85,20.93175255,18.91295403,6.456148474,78.06910795,45.42,28.5822,80.1441,rabi,590.11,448.11,chickpea
49,71,76,19.71098332,17.63879418,6.613072145,85.57925437,55.7,21.7619,71.5548,zaid,846.55,800.06,chickpea
59,69,80,19.07937684,17.86754927,8.165359297,69.40619137,62.97,22.128,75.7708,summer,1323,648.45,chickpea
20,79,77,18.54988627,16.02542689,7.64867466,76.32565249,35.98,28.7618,86.8934,winter,322.59,195.28,chickpea
24,56,85,18.19903647,17.41333199,6.545888558,80.6405403,43.33,28.3583,84.4126,zaid,479.39,466.57,chickpea
51,72,75,18.88852533,14.99451145,7.104224797,80.1113384,100,10.4022,77.0862,rabi,3017.5,2359.48,chickpea
57,73,85,18.49311205,14.72115044,7.358099622,91.94595352,53.75,23.8968,68.8234,rabi,883.48,640.46,chickpea
22,64,82,19.48974337,17.17260319,6.4740245,87.51312796,70.63,23.8354,85.1144,monsoon,1138.23,1409.67,chickpea
52,73,79,17.25769499,18.74943955,7.840339389,94.00287214,39.62,24.7651,78.0162,kharif,328.14,412.2,chickpea
29,75,75,19.62416326,18.71483156,7.064790365,88.4585692,52.31,19.4252,72.5775,zaid,777.37,659.73,chickpea
44,59,78,20.67526473,19.85388984,7.599033472,84.78344008,100,8.6104,75.5356,rabi,3163.08,2270.95,chickpea
41,69,82,20.02381489,16.63294455,6.715587232,68.97806542,33.01,31.0093,86.7514,rabi,208.48,144.87,chickpea
52,56,85,20.1187446,14.44228303,6.81712422,88.68168643,43.9,30.5121,84.3805,rabi,576.57,395.14,chickpea
34,76,80,20.65691793,15.84572566,7.985417393,65.23811143,36.43,25.6426,69.6795,rabi,322.76,226.3,chickpea
42,74,83,19.2582557,14.2804191,7.545258424,65.78042032,59.09,17.6622,69.1034,kharif,845.64,1049.72,chickpea
34,71,79,17.927806,15.85622899,7.728998197,74.63872762,100,14.2635,68.9596,monsoon,2684.94,3755.49,chickpea
27,73,79,19.16288268,15.83500655,7.354973451,82.69766829,100,10.9914,74.1066,rabi,3933.04,3214.47,chickpea
30,70,79,20.26942271,19.96978871,7.313122235,69.64449182,100,9.7026,79.8493,rabi,2906.29,2393.63,chickpea
57,57,75,17.09104223,18.25142068,7.785039076,87.27444866,100,8.4059,70.501,rabi,3000.9,2280.89,chickpea
27,79,82,17.06579293,17.54024066,6.307004923,70.87150577,41.15,30.3217,72.1565,rabi,437.79,376.31,chickpea
32,71,85,20.62767492,14.44008871,6.403982316,92.06630306,100,10.2277,85.4769,rabi,2575.3,2067.35,chickpea
31,76,82,20.8248451,17.85057083,7.599279991,79.20509212,98.23,11.4175,85.2566,rabi,2349.36,1630.6,chickpea
33,75,84,19.46210401,18.72831993,7.217018459,68.81405149,33.58,25.7667,87.1703,zaid,211.1,165.38,chickpea
47,80,77,17.18248372,16.42891834,7.561108006,72.85017344,82.42,21.7102,77.1963,monsoon,1327.26,1948.67,chickpea
54,62,80,17.48911699,16.39055394,7.489545074,79.45758333,100,9.1616,83.0356,rabi,2577.53,2139.97,chickpea
47,79,78,17.48395377,14.76014523,6.609696734,65.11365631,47.67,28.8649,86.517,kharif,586.78,630.3,chickpea
35,57,83,19.48316794,17.44534641,7.476800943,80.4986291,64.47,21.9293,76.4566,winter,1276.37,813.16,chickpea
53,73,77,19.71359733,18.09665739,7.325451279,73.64476535,86.44,9.3392,81.196,summer,2154.09,1103.51,chickpea
45,61,78,19.48649305,16.06240074,6.489389282,81.5284269,98.78,12.5824,76.2079,zaid,2240.92,1823.92,chickpea
37,78,79,19.95264829,14.82633099,7.786366322,88.6810311,60.38,15.2492,71.3696,monsoon,851.49,1124.62,chickpea
30,75,81,19.41789736,16.80472243,6.408437886,68.4951189,100,8.5898,68.5184,winter,3046.45,2034.77,chickpea
37,55,82,19.45591848,18.02235902,8.423873703,78.44910564,33.49,26.541,73.6937,summer,235.82,131.18,chickpea
53,65,76,20.19137759,16.41998269,8.719960893,77.33795356,49.07,24.9325,78.3303,rabi,682.71,584.99,chickpea
22,60,85,18.8392908,14.74071856,7.811997977,94.78189594,100,10.5515,72.6112,monsoon,3689.17,5329.07,chickpea
60,61,78,20.71219282,19.83643308,6.317153205,94.03659867,61.65,20.9058,85.637,rabi,1106.04,836.35,chickpea
42,67,77,18.99424448,15.9362937,7.114405288,78.69707199,61.89,20.6468,74.9838,monsoon,847.01,1223.73,chickpea
39,76,76,19.96837462,15.57324389,8.135900726,69.15759062,100,12.7376,82.6235,monsoon,2539.71,3283.71,chickpea
35,63,76,17.81564548,17.60756635,7.714153038,90.82097601,57.29,15.7181,86.3591,summer,1122.55,538.72,chickpea
30,65,82,20.71424384,15.27824066,7.103798069,76.77888672,100,11.2823,71.6979,rabi,2614.78,2052.64,chickpea
57,56,78,17.34150229,18.75626255,8.861479668,67.9545435,100,13.4848,69.9222,zaid,3512.98,2967.08,chickpea
48,65,78,17.43732714,14.33847406,7.861128148,73.0926704,42.1,30.4918,68.5754,zaid,487.63,394.43,chickpea
36,56,83,18.89780215,19.76182946,7.4526709,69.09512477,38.58,24.1705,73.0842,summer,427.16,204.27,chickpea
40,58,75,18.59190771,14.77959596,7.168096055,89.60982451,81.43,12.3891,82.848,winter,1920.26,1102.84,chickpea
49,69,82,18.31561493,15.36143547,7.26311855,81.78710463,53.89,18.6731,79.7821,rabi,842.08,700.53,chickpea
13,60,25,17.13692774,20.59541693,5.68597166,128.256862,37.59,25.8587,81.6351,monsoon,276.33,333.36,kidneybeans
25,70,16,19.63474332,18.90705639,5.759237003,106.3598183,100,14.0567,68.3278,monsoon,3847.06,4957.42,kidneybeans
31,55,22,22.91350245,21.33953114,5.873171894,109.225556,45.22,30.6586,77.2069,monsoon,458.66,593.89,kidneybeans
40,64,16,16.43340342,24.24045875,5.926676985,140.3717815,85.2,15.781,76.5119,monsoon,1529.63,1812.52,kidneybeans
2,61,20,22.13974653,23.02251117,5.95561668,76.64128258,48.19,23.3902,84.5068,rabi,657.24,516.14,kidneybeans
26,65,22,17.84806561,18.77621951,5.949949081,143.0984171,71,23.6198,75.52,monsoon,1130.51,1434.45,kidneybeans
17,57,21,19.88394011,20.31564139,5.789214289,60.91974792,36.9,27.0881,87.8448,rabi,319.02,232.46,kidneybeans
26,80,18,19.32509638,23.3334788,5.581021521,104.7783947,81.18,23.504,74.9469,monsoon,1365.7,1768.77,kidneybeans
17,59,17,18.4167001,23.42829938,5.689858133,132.9801054,100,11.1431,74.3756,monsoon,1918.84,2384.2,kidneybeans
27,59,22,21.81167649,23.20591245,5.794158504,130.0608093,100,10.5712,83.6847,monsoon,2998.71,3553.13,kidneybeans
28,58,24,19.72702528,18.28173015,5.748190463,143.7630894,39.64,26.9852,80.5727,monsoon,337.07,404.79,kidneybeans
25,57,19,17.15432954,19.87070659,5.566522896,87.99669731,34.83,29.4965,85.9667,summer,280.89,148.16,kidneybeans
28,80,17,19.62207826,18.67170854,5.809419584,144.1567454,100,12.7304,83.3278,monsoon,3196.57,3929.52,kidneybeans
25,60,22,21.63149148,21.17919701,5.887263027,134.3649948,43.51,29.9316,78.1837,monsoon,396.38,564.34,kidneybeans
12,78,23,16.06522754,18.72479695,5.99812453,88.06638775,42.96,28.4003,73.4087,rabi,493.34,414.52,kidneybeans
6,77,25,20.61162204,24.36314135,5.792744849,69.63833855,100,14.6984,74.9296,rabi,2971.13,2017.04,kidneybeans
22,79,17,21.42451099,20.39659714,5.912289889,116.5206923,100,14.7704,79.7075,monsoon,3317.01,4630.69,kidneybeans
27,80,15,19.07096165,21.21092266,5.788386951,86.21917578,53.22,17.756,68.9379,rabi,837.38,623.09,kidneybeans
10,55,23,21.18853178,19.63438599,5.728233081,137.1948633,72.66,22.7191,86.0763,monsoon,1191.69,1457.46,kidneybeans
23,65,20,23.0429097,22.42610972,5.833940084,108.3684316,63.34,18.4942,85.1186,monsoon,858.5,1261.75,kidneybeans
19,78,16,20.65375833,23.10538637,5.967533236,67.71768947,79.36,13.267,79.673,rabi,1695.06,1209.84,kidneybeans
19,65,25,18.09551014,18.29318436,5.625096446,144.7902323,100,14.7559,73.3562,monsoon,3529.4,4689.18,kidneybeans
22,70,19,18.23775702,21.07643273,5.515615023,69.44951585,34.98,25.6355,76.2751,zaid,231.16,216.63,kidneybeans
37,64,22,17.48189735,18.8251973,5.954665349,121.9401369,67.91,16.577,75.5173,monsoon,1027.41,1365.27,kidneybeans
11,71,17,19.9191786,21.47324158,5.74644777,82.68554379,100,8.1345,82.5361,summer,3029.8,1487.74,kidneybeans
18,79,20,20.27514686,23.2353604,5.877347515,139.7521543,75.2,16.0404,68.8453,monsoon,1151.12,1657.17,kidneybeans
21,63,17,15.77370214,19.2303162,5.979973965,108.3441414,100,11.7195,81.7594,monsoon,2586.87,3807.59,kidneybeans
24,80,22,16.71170642,19.17651433,5.635993966,96.77285817,39.38,31.2404,82.5013,winter,416.71,275.16,kidneybeans
34,60,22,17.66148158,18.15302753,5.635231778,100.6711761,100,12.3623,74.8376,monsoon,2958.1,3528.42,kidneybeans
16,75,21,18.50692825,23.61670065,5.679224346,87.0513289,100,12.1724,78.3432,monsoon,2924.45,4244.56,kidneybeans
17,77,23,24.51324787,20.81527638,5.670062975,64.19497947,43.5,25.5739,70.6382,rabi,502.6,424.51,kidneybeans
37,72,18,18.87614998,24.54038287,5.724242065,105.4120514,100,9.6167,79.356,monsoon,2541.98,2998.83,kidneybeans
40,73,20,21.59343016,20.31871249,5.811314232,61.13872036,100,11.4033,80.9705,rabi,3425.87,2938.69,kidneybeans
9,77,17,20.12373284,24.45202552,5.783425416,106.158201,59.16,16.2571,77.1034,monsoon,836.75,998.74,kidneybeans
1,62,23,15.43546065,18.37477907,5.607808432,139.0302034,51.92,27.9461,71.3038,monsoon,631.95,829.49,kidneybeans
33,59,22,22.64236876,21.59396123,5.946999529,122.3886015,72.33,19.109,77.7431,monsoon,1117.81,1521.05,kidneybeans
23,59,19,21.98560799,24.87304788,5.852046999,129.5650601,81.41,16.8231,87.0011,monsoon,1316.47,1839.61,kidneybeans
6,62,22,20.53052663,18.09224048,5.824090984,120.4509288,100,13.661,82.7568,monsoon,3281.94,4234.72,kidneybeans
25,63,20,15.78601387,21.14544088,5.502999119,95.17028129,83.96,21.5987,74.8307,monsoon,1382.25,1947.03,kidneybeans
7,79,23,19.6365349,19.68751084,5.821649914,96.65888933,100,10.1971,71.7968,rabi,4098.73,3468.57,kidneybeans
8,72,17,20.57341244,19.7520218,5.711439256,87.87869161,85.99,12.9547,86.459,rabi,1845.28,1474.26,kidneybeans
27,64,15,20.16080524,24.84207559,5.514927264,138.2362122,100,11.3133,77.9209,monsoon,3542.19,4363.71,kidneybeans
28,66,23,21.53989176,24.25386207,5.99616119,120.6913038,51.11,27.678,72.3075,monsoon,589.21,793.62,kidneybeans
32,57,18,15.53834801,23.75560241,5.695422863,107.3850593,70.75,19.1101,77.7758,monsoon,1080.96,1450.64,kidneybeans
27,56,22,19.91853092,20.70099804,5.833010958,108.6434544,70.04,20.5767,80.1567,monsoon,1043.16,1474.11,kidneybeans
17,77,24,20.76952209,18.93146941,5.568456899,109.0193712,52.92,26.7956,84.0082,monsoon,616.12,913.5,kidneybeans
0,65,15,23.46168338,23.22197648,5.645435626,95.84253438,61.36,17.5329,69.0156,rabi,1095.48,808.71,kidneybeans
13,72,21,24.32116642,21.0278674,5.821194486,60.27552528,61.21,17.011,68.506,rabi,1052.32,870.71,kidneybeans
34,60,23,20.12574053,24.96969858,5.659254981,100.0497183,72.03,19.3696,80.0055,monsoon,1135.98,1454.2,kidneybeans
9,80,19,21.80619564,18.57086554,5.945465949,125.0972687,100,14.4609,84.0102,monsoon,2003.75,2654.67,kidneybeans
11,72,20,19.52226241,24.92607153,5.951177452,113.334026,58.54,22.5936,74.7328,monsoon,771.42,1041.33,kidneybeans
3,67,24,17.00067625,19.90790546,5.520880014,103.2926407,100,10.8648,74.9165,monsoon,2861.4,3814.71,kidneybeans
35,69,23,16.78791503,24.96881755,5.578410206,75.45328039,46.41,30.5835,81.8716,winter,667.25,371.03,kidneybeans
3,77,25,24.84906168,22.89464642,5.608165195,62.21292186,41.72,31.7826,86.4969,rabi,458.2,351.34,kidneybeans
23,62,19,16.51783455,20.4555596,5.609435128,98.77794225,100,9.5024,77.8365,rabi,3267.22,2310,kidneybeans
22,71,17,18.15300153,19.38602098,5.509295379,107.6907964,69.15,23.1913,77.4672,monsoon,1050.08,1413.86,kidneybeans
31,79,25,23.18864385,22.3104551,5.902033406,63.38208822,50.57,23.9326,77.8795,rabi,748.69,557.92,kidneybeans
34,59,18,23.38002569,21.98879437,5.744117663,87.66898664,100,12.1013,77.8746,rabi,4616.08,3792.66,kidneybeans
12,63,17,18.358923,19.37703396,5.717143397,138.414764,47.63,25.7953,82.3731,monsoon,498.43,714.73,kidneybeans
27,56,20,19.25975367,20.51346956,5.542690119,94.9533526,63.48,23.8926,68.3878,rabi,1148.23,897.37,kidneybeans
7,63,24,22.95458237,24.03553105,5.858617867,107.7315386,100,10.5896,77.721,monsoon,1892.41,2801.21,kidneybeans
24,67,22,20.120043,22.89845607,5.618844277,104.6252153,41.73,26.0162,84.6147,monsoon,343.05,505.32,kidneybeans
11,71,24,21.14011423,22.7182355,5.606620346,141.6056722,59.77,16.2401,73.4732,monsoon,848.35,1035.57,kidneybeans
37,74,15,24.92360104,18.22590825,5.582178402,62.7089169,96.67,14.3376,76.1715,rabi,2145.67,1795.29,kidneybeans
25,76,24,15.33042636,24.91506728,5.56503533,135.3315583,41.25,25.2875,78.342,monsoon,354.13,445.09,kidneybeans
34,66,17,18.81097271,21.27833035,5.889614577,125.084915,43.98,24.9301,69.5559,monsoon,401.18,588.78,kidneybeans
20,69,15,23.44260668,22.77255917,5.934136378,107.4137246,37.66,28.9352,71.5894,monsoon,247.12,363.02,kidneybeans
37,65,16,22.8352024,18.97267518,5.683548308,63.59276673,60.96,15.3452,81.5869,rabi,1045.6,876.79,kidneybeans
18,74,15,24.9035819,22.27512704,5.70836603,146.4727237,43.84,25.2493,86.2075,monsoon,411.35,558.7,kidneybeans
4,67,25,23.78709569,24.35679348,5.948164454,119.6404412,91.59,15.7391,78.3097,monsoon,1562.79,2193.32,kidneybeans
37,56,25,22.05592283,19.60379304,5.774755144,126.7265372,73.82,18.9088,85.4341,monsoon,1114.3,1637.97,kidneybeans
5,59,15,18.87492997,20.18238348,5.97229163,134.1811718,66.3,20.9121,68.2021,monsoon,947.78,1355,kidneybeans
11,61,21,18.62328774,23.02410338,5.532100554,135.3378033,50.2,24.7315,85.655,monsoon,574.94,760.16,kidneybeans
22,80,20,23.00884744,18.86880997,5.669560726,100.118612,55.12,20.4358,74.7149,monsoon,737.43,899.16,kidneybeans
12,61,19,19.33162606,24.13995025,5.655726817,68.51253427,36.56,24.3116,85.3767,zaid,289.49,224.03,kidneybeans
5,74,21,16.24469193,21.35793891,5.591704014,66.97053257,100,14.3023,80.2869,rabi,2816.21,2216.27,kidneybeans
27,69,22,17.91652287,24.90814655,5.932323085,69.14681022,100,10.4771,77.3406,monsoon,1739.81,2554.23,kidneybeans
31,75,18,15.46789263,21.43780702,5.824208309,88.88796102,38.1,25.0543,71.6852,kharif,299.28,331.63,kidneybeans
36,68,20,17.06104474,23.77201471,5.86442953,81.83420522,48.93,22.2847,76.7798,rabi,710.68,489.45,kidneybeans
5,65,16,21.32776028,18.48522915,5.866744372,109.1013261,70.18,16.4134,84.2035,monsoon,1099.52,1423.03,kidneybeans
32,79,15,23.90910104,20.74619325,5.706198621,81.60211243,100,13.9508,71.3951,rabi,3133.59,2476.03,kidneybeans
11,78,22,23.89756791,22.74378977,5.940546818,112.6616435,100,10.5332,78.74,monsoon,3762.26,4454.1,kidneybeans
0,55,22,22.98666928,20.57940608,5.916779289,143.8584938,40.2,31.2846,76.1933,monsoon,333.6,431.43,kidneybeans
14,59,15,21.35135729,22.91244883,5.779090476,146.4548645,100,8.5847,83.9916,monsoon,3445.15,4387.38,kidneybeans
29,68,23,24.1638445,19.27907819,5.82738029,116.7324324,73.25,16.1047,84.2956,monsoon,1185.81,1506.93,kidneybeans
32,68,19,24.62835037,18.18325169,5.514234138,149.7441028,55.64,27.0315,87.6805,monsoon,681.96,1012.47,kidneybeans
17,64,17,21.02213209,24.93896255,5.662699104,124.6118471,65.55,19.9411,85.9021,monsoon,968.71,1245.23,kidneybeans
13,69,19,17.30844532,20.01730914,5.86390397,115.199245,100,12.6029,78.3021,monsoon,2499.39,3361.51,kidneybeans
14,67,22,23.82576704,24.75485098,5.624690248,84.64143632,60.13,18.349,71.0871,rabi,991.7,854.42,kidneybeans
9,69,20,19.30607278,23.96362799,5.591560999,129.3449326,89.78,18.4872,68.7723,monsoon,1516.68,2136.48,kidneybeans
20,73,22,16.03768615,22.33195853,5.976312538,130.3900798,100,12.3791,87.3762,monsoon,3357.41,4245.93,kidneybeans
40,78,20,19.18572809,20.83398341,5.669236258,80.15293435,100,14.655,81.8493,summer,3609.72,1798.9,kidneybeans
27,72,23,19.92889503,21.79992115,5.961934481,64.02640797,64.19,23.2537,82.3211,kharif,1000.44,1133.31,kidneybeans
14,67,15,19.56376468,24.67385131,5.690065688,139.2921004,100,13.2247,83.5324,monsoon,2522.18,3281.71,kidneybeans
7,56,18,18.31357543,24.32991649,5.698371311,76.14153904,61.84,17.3067,77.5138,summer,1229,654.96,kidneybeans
27,65,18,20.10993761,23.22323766,5.59503163,73.36386477,36.32,27.9244,70.9913,rabi,276.76,230.82,kidneybeans
30,63,16,23.60506572,21.90539577,5.525904526,100.5978728,50.13,25.6007,87.1701,monsoon,549.54,796.48,kidneybeans
37,70,25,19.73136909,24.89487354,5.819403771,84.06354115,56.58,22.9855,71.3369,monsoon,757.76,928.74,kidneybeans
27,63,19,20.93409877,21.1893007,5.562201934,133.1914419,100,11.8566,80.6441,monsoon,1972.58,2635.38,kidneybeans
22,60,24,18.78226261,20.24768314,5.630664753,104.2570723,100,11.5429,82.7731,monsoon,2915.53,3991.43,kidneybeans
3,72,24,36.51268371,57.92887167,6.03160778,122.6539694,56.81,29.7245,76.9018,monsoon,643.68,876,pigeonpeas
40,59,23,36.89163721,62.73178224,5.269084669,163.7266551,100,11.6838,80.3911,monsoon,3712.79,5340.16,pigeonpeas
33,73,23,29.23540524,59.38967583,5.985792703,103.3301803,56.63,24.5518,86.5556,monsoon,610.97,898.07,pigeonpeas
27,57,24,27.33534897,43.35795962,6.09186275,142.3303677,100,9.0382,77.2596,monsoon,1938.67,2548.82,pigeonpeas
10,79,18,21.0643684,55.46985938,5.624731338,184.6226709,56.39,16.9651,70.0486,monsoon,686.13,808.14,pigeonpeas
30,75,25,30.33276599,42.35249879,6.446091759,149.299952,53.04,31.3555,85.7372,monsoon,581.01,812.1,pigeonpeas
40,70,20,31.80130272,45.03186173,5.623490043,147.0361442,42.93,28.1688,70.0842,monsoon,346.17,433.74,pigeonpeas
38,55,19,33.18184225,38.23184742,5.864623352,198.8298806,63.72,15.758,68.8956,monsoon,911.48,1111.14,pigeonpeas
35,58,20,29.38538562,63.47742011,5.761702519,90.05422663,61.09,22.0073,78.671,kharif,823.55,884.97,pigeonpeas
38,61,21,30.27374995,67.38680755,4.696518678,127.7767134,49.34,27.0462,83.3846,monsoon,431.56,598.3,pigeonpeas
33,58,24,35.45790488,68.75810535,5.269504214,108.6333046,80.66,20.0568,83.1115,monsoon,1180.65,1678.02,pigeonpeas
16,56,17,33.80020039,40.03262418,7.445444883,176.6165894,55.76,22.7219,77.2213,monsoon,653.58,912.16,pigeonpeas
31,72,17,28.69180475,49.47225353,5.833031708,96.36222901,100,11.6391,76.1955,kharif,3451.07,3530.16,pigeonpeas
16,80,20,31.24021696,56.67369054,7.339320929,122.0146733,100,12.9715,78.2655,monsoon,2879.61,3418.69,pigeonpeas
27,72,17,28.98039357,57.23265151,6.347929353,120.7435664,53.07,29.3572,77.6386,monsoon,580.33,716.11,pigeonpeas
40,62,19,27.32198928,34.13737127,4.697750704,96.51524028,100,13.5965,70.6958,rabi,2266.44,1875.26,pigeonpeas
18,58,16,21.47607807,38.80023714,4.962661422,180.382234,48.77,31.7633,78.8382,monsoon,476.7,690.66,pigeonpeas
3,68,16,18.31910448,34.69776639,4.964887857,107.4721605,100,8.8653,78.0459,monsoon,2053.43,3021.86,pigeonpeas
26,67,24,36.97794384,37.73992903,5.642813116,161.4812963,46.53,28.1635,76.9664,monsoon,459.63,570.68,pigeonpeas
16,70,20,24.80467592,40.1242747,5.6093956,121.5639121,100,10.58,77.4924,monsoon,3994.99,5577.19,pigeonpeas
24,63,19,19.3479443,55.96805489,4.681576043,194.5921148,100,13.8918,75.9036,monsoon,2661.13,3930.52,pigeonpeas
9,76,25,28.88302142,50.12323801,5.70951224,179.2155874,100,11.9398,87.4256,monsoon,2251.34,3207.07,pigeonpeas
16,55,19,19.54314136,47.19188279,6.413543781,192.4372194,100,10.5262,69.389,monsoon,1915.9,2416.64,pigeonpeas
28,75,21,24.7741949,50.54621094,6.007508163,114.2821387,64.36,18.6127,72.317,monsoon,818.08,1195.93,pigeonpeas
16,71,24,18.33124824,38.40975482,4.946369874,139.6483317,69.14,19.8776,80.3773,monsoon,1045.99,1291.66,pigeonpeas
24,70,21,19.14729038,45.3733757,5.517208078,132.7748215,61.33,23.4216,71.2312,monsoon,781.62,1077.14,pigeonpeas
38,72,21,28.23416057,49.4421345,5.902103172,186.5008581,43.95,24.3882,78.0435,monsoon,341.03,479.11,pigeonpeas
9,66,21,30.11812084,34.13307843,5.719889876,157.0858232,40.68,28.5578,70.4778,monsoon,317.67,394.03,pigeonpeas
34,56,17,33.4126864,35.42910045,4.548202098,139.6702541,100,13.2101,81.7042,monsoon,3794.18,5664.49,pigeonpeas
1,76,19,24.18553163,46.68746847,6.669529416,177.3377996,68.3,23.3729,72.238,monsoon,933.84,1330.19,pigeonpeas
6,69,19,26.88630675,41.69617915,4.750929218,94.46748008,41.93,26.8197,85.458,rabi,397.99,320.09,pigeonpeas
26,73,21,31.33170829,57.97429171,4.946263888,161.7820226,100,9.2979,81.531,monsoon,3033.59,4506.4,pigeonpeas
27,61,18,33.30711818,67.07780816,5.266227032,108.5090168,100,12.5344,77.765,monsoon,3175.08,4028.44,pigeonpeas
27,71,23,23.45379018,46.48714759,7.10959773,150.8712202,100,14.5356,86.8691,monsoon,3068.35,4187.41,pigeonpeas
36,61,21,34.53823889,39.04468913,5.617008201,168.5948318,58.66,17.5518,74.4029,monsoon,779.91,943.67,pigeonpeas
17,73,18,19.50112224,34.51086611,5.632353113,197.3752649,67.34,15.5484,75.3615,monsoon,948.35,1327.8,pigeonpeas
26,72,22,28.76794904,37.57792132,4.674941549,91.72084869,38.36,26.1371,82.4035,kharif,266.13,285.43,pigeonpeas
17,64,16,30.97758716,32.24914235,7.161797643,180.716828,100,10.2639,84.487,monsoon,2785.75,3683.09,pigeonpeas
14,74,19,18.39759147,36.82639309,6.624966131,93.12330644,52.37,27.2853,77.6058,kharif,611.65,763.77,pigeonpeas
39,60,15,35.09357419,30.98685456,5.004074624,116.9106908,91.19,18.0845,81.3767,monsoon,1502.24,2203.29,pigeonpeas
6,66,15,34.93174223,30.40046769,6.345806011,159.2649827,100,9.6762,73.232,monsoon,2839.85,3931.61,pigeonpeas
8,59,18,29.50523036,35.72032498,6.216814453,187.8961851,100,11.624,69.8088,monsoon,4296.64,5471.79,pigeonpeas
2,67,18,34.51934775,47.52980027,5.921666758,129.0064612,73.11,23.383,70.4579,monsoon,1027.67,1520.38,pigeonpeas
1,76,17,28.43430726,52.10010827,6.012719118,147.0414824,76.78,23.5959,71.7013,monsoon,1159.08,1559.18,pigeonpeas
16,73,19,18.41645629,34.80541039,4.684079249,163.2747473,40.37,24.3876,74.7877,monsoon,312.02,376.51,pigeonpeas
23,75,25,31.07508973,47.19847683,7.077170002,91.31256412,72.68,23.264,79.6829,kharif,1141.29,1342.14,pigeonpeas
32,70,20,20.89342749,46.24856523,6.208843215,195.5697875,40.68,31.3888,86.4755,monsoon,285.79,355.84,pigeonpeas
28,59,22,30.90607799,52.79913039,7.05181629,170.9919828,100,11.8594,82.6074,monsoon,2279.53,3338.25,pigeonpeas
5,62,23,27.9348279,66.45457122,4.722222454,145.3728801,100,13.1212,71.8763,monsoon,3158.22,3728.22,pigeonpeas
36,67,25,35.95176642,36.52780776,6.418062652,136.0456753,49.43,30.1957,73.0302,monsoon,552.61,648.6,pigeonpeas
1,66,23,19.54317155,56.92831399,4.803564468,173.1686574,100,12.6915,87.691,monsoon,3153.09,3851.07,pigeonpeas
24,73,20,19.63736208,32.31528909,4.608695247,176.4134092,72.17,22.3414,76.3412,monsoon,1085.24,1482.49,pigeonpeas
17,67,18,31.2192752,56.46868874,5.611510977,129.2028653,42.81,25.7366,72.2976,monsoon,286.93,428.6,pigeonpeas
5,55,18,33.50876355,45.70976142,7.322097972,126.6738117,62.82,23.5105,74.5889,monsoon,813.58,1131.53,pigeonpeas
5,56,24,24.80710166,45.01110015,5.023115055,188.4928637,47.23,24.1589,85.106,monsoon,434.8,602.19,pigeonpeas
37,77,17,36.20970524,31.94550613,5.617122801,191.0658531,46.12,26.7181,86.2903,monsoon,454.01,589.72,pigeonpeas
13,73,20,30.50420876,35.48885969,5.391560418,162.5927723,100,14.7091,83.0359,monsoon,2273.28,2787.15,pigeonpeas
6,63,23,26.01630259,49.94704718,5.906596905,160.3337447,70.21,23.5973,69.5775,monsoon,1030.44,1307.32,pigeonpeas
16,77,22,31.48469278,35.6395615,6.574209678,100.546816,69.17,17.5197,86.9031,monsoon,1002.95,1370,pigeonpeas
25,64,20,33.15122581,32.45974539,4.807776749,105.0380275,100,10.6336,68.9824,monsoon,3130.29,4074.54,pigeonpeas
34,75,24,23.50222822,51.29019509,4.760038039,192.3023991,62.15,16.8964,80.9577,monsoon,795.14,1074.31,pigeonpeas
20,77,23,34.87248659,38.83786012,5.180271502,148.2502786,100,13.6439,84.9835,monsoon,3348.82,4138.09,pigeonpeas
35,80,25,28.09269012,44.93322042,4.895927306,197.1144011,100,10.4559,76.3747,monsoon,2690.3,3931.87,pigeonpeas
14,75,24,24.54757829,57.3414485,6.436160044,118.3606557,54.33,28.9883,79.7868,monsoon,622.52,743.15,pigeonpeas
36,80,21,33.64769646,48.41490082,7.066087261,100.4673278,100,11.0972,80.587,monsoon,2665.1,3733.19,pigeonpeas
7,77,18,20.5591255,60.54880693,6.655918078,191.0895109,62.41,18.4346,75.4504,monsoon,751.71,1088.09,pigeonpeas
29,78,25,19.95991719,59.33157782,5.982854523,195.787103,45.76,25.6248,70.6326,monsoon,381.69,479.41,pigeonpeas
30,60,21,28.87667593,62.4901206,5.457871273,182.2688175,46.12,29.2201,73.5826,monsoon,356.28,516.23,pigeonpeas
20,74,16,36.04353699,43.61444121,4.759490199,159.8938645,41.34,29.2521,75.93,monsoon,290.76,410.58,pigeonpeas
19,57,23,23.6734328,47.2879691,7.342409555,141.1250722,44.73,26.892,84.5612,monsoon,357.46,523.42,pigeonpeas
3,60,19,25.74679443,40.7192594,4.820788186,100.7791633,100,12.2655,70.1878,monsoon,2989.36,4138.47,pigeonpeas
5,77,19,31.08564994,66.68832981,6.242052013,175.9303271,100,13.3994,69.7145,monsoon,3192.73,4711.81,pigeonpeas
5,68,20,18.72987676,61.33186249,5.001038726,139.8710041,86.91,15.1543,68.0118,monsoon,1482.82,1741.1,pigeonpeas
37,73,21,29.50304807,63.46513414,5.560224583,189.5208915,100,9.7859,70.3487,monsoon,4217.81,4970.58,pigeonpeas
9,59,24,20.43517772,39.37252634,4.747352458,137.2279662,100,10.7381,79.6284,monsoon,3201.36,3942,pigeonpeas
20,72,15,36.00415838,56.01334416,7.313517308,134.8596466,40.86,31.1735,81.6583,monsoon,258.93,338.97,pigeonpeas
31,56,23,31.46846241,35.39454002,5.661826398,174.5723999,100,10.4746,78.0738,monsoon,1928.06,2647.52,pigeonpeas
0,70,21,36.30049702,56.03021253,4.672437054,101.6073988,54.79,27.7706,73.3779,monsoon,609.26,800.23,pigeonpeas
21,74,15,29.49096726,67.10604388,6.471862118,153.2504506,50.09,27.7024,87.7733,monsoon,476.39,589.88,pigeonpeas
13,67,18,30.5753044,34.75591197,5.384762927,177.5764304,69.56,19.2417,83.2963,monsoon,1031.43,1363.83,pigeonpeas
27,74,20,24.69487673,59.96669215,5.859813416,91.95792434,73.54,20.1035,81.0934,rabi,1335.53,1055.61,pigeonpeas
29,72,24,23.17409556,36.67847052,6.962386495,162.5931264,54.32,18.9508,71.6243,monsoon,672.51,813.44,pigeonpeas
5,68,20,19.04380471,33.10695144,6.12166671,155.3705624,47.57,31.9751,85.5015,monsoon,470.11,657.19,pigeonpeas
39,57,19,29.32379604,45.93248374,6.421748487,165.4113371,49.82,26.7183,80.898,monsoon,504.62,675.51,pigeonpeas
22,62,16,34.6455408,54.32342534,4.828936119,180.9009998,45.84,29.3672,77.5742,monsoon,393.02,502.84,pigeonpeas
18,55,23,21.9989826,56.31006755,6.98571967,136.8274312,63.11,21.1398,75.9765,monsoon,846.45,1036.51,pigeonpeas
39,77,21,22.99774444,60.24218572,4.603563116,159.689339,100,12.6691,82.776,monsoon,3741.93,5242.03,pigeonpeas
13,75,20,30.55992394,35.29006485,6.979540061,178.8998611,39.95,29.0439,72.5221,monsoon,277.12,391.99,pigeonpeas
27,71,24,31.46417866,48.17631461,7.064973419,165.405354,46.88,31.4286,83.2724,monsoon,427.05,568.29,pigeonpeas
26,64,22,25.95058595,40.58227261,5.16516459,109.1821183,62.17,21.314,84.0859,monsoon,789.72,1154.4,pigeonpeas
23,55,16,21.01142393,69.69141302,5.111488821,185.2039114,100,13.827,83.4485,monsoon,3764.3,4513.21,pigeonpeas
4,69,19,19.25100056,47.70351758,5.374358869,149.063196,73.76,16.0237,81.118,monsoon,1150.8,1398.31,pigeonpeas
20,67,19,19.24462755,50.54495302,5.671419084,180.6465282,85.9,22.0419,76.2616,monsoon,1481.17,1748.02,pigeonpeas
7,74,17,22.47253208,62.56532471,5.667419697,96.74706956,66.96,15.6293,70.8718,rabi,1094.82,920.26,pigeonpeas
17,64,18,36.75087487,58.25799145,6.07938452,124.6028153,100,9.8579,77.9757,monsoon,2708.97,3935.17,pigeonpeas
35,71,17,29.89286629,66.35375127,6.931924963,198.1403003,75.85,21.1749,83.37,monsoon,1076.48,1512.59,pigeonpeas
11,72,22,29.37735586,44.82294584,6.842744374,172.40168,63.97,19.5971,73.5674,monsoon,890.19,1112.21,pigeonpeas
20,60,22,29.65052947,42.89833235,6.876572503,186.9226052,100,14.9667,71.6136,monsoon,3173.92,4688.21,pigeonpeas
10,71,18,19.54284889,66.34777265,6.151029296,173.1106982,44.36,29.0912,70.1648,monsoon,314.07,429.7,pigeonpeas
33,61,24,20.04611791,48.93905624,4.567446499,122.4564203,40.53,26.8703,86.7586,monsoon,252.35,372.88,pigeonpeas
3,49,18,27.91095209,64.70930606,3.692863601,32.67891866,100,10.5278,68.6167,rabi,3203.58,2395.33,mothbeans
22,59,23,27.32220619,51.27868781,4.371745575,36.5037914,66.4,18.7013,86.4274,rabi,1185.54,837.27,mothbeans
36,58,25,28.66024187,59.3189118,8.399135958,36.92629678,100,14.1429,83.8583,kharif,2453.36,3091.86,mothbeans
4,43,18,29.02955344,61.09387478,8.840656256,72.98016599,66.68,18.0937,76.4942,kharif,915.93,1150.17,mothbeans
29,54,16,27.78031515,54.65030015,8.153022903,32.05025323,48.02,25.3914,86.6369,rabi,539.93,450.12,mothbeans
32,43,22,31.99928579,54.1077461,5.270749441,71.6266696,64.7,16.1998,85.7502,kharif,948.25,1021.53,mothbeans
14,55,15,27.33580911,55.27755933,8.050304395,73.44775287,37.67,30.0057,71.8549,rabi,229.51,170.27,mothbeans
5,35,20,28.92952635,53.57014709,9.679240873,66.35634104,52.22,31.3728,71.8161,kharif,574.05,691.92,mothbeans
25,57,24,27.65472156,58.59986279,6.974978386,36.94255012,77.88,18.9286,79.4892,rabi,1438.95,1215.74,mothbeans
11,53,24,28.52396666,55.77264351,7.39389918,61.32935611,100,11.926,78.8751,kharif,2750.33,3309.83,mothbeans
40,49,17,31.02215872,45.89239456,6.68727523,53.56783314,63.23,17.7269,76.2395,kharif,929.58,1003.13,mothbeans
38,56,25,25.74095321,45.38497051,7.88118645,67.43488235,100,10.2725,68.3192,rabi,3039.62,2150.14,mothbeans
27,43,23,31.70447482,56.85420099,5.875333778,44.94317432,38.12,27.2304,77.5147,kharif,194.05,237.09,mothbeans
24,38,22,24.47876451,58.51663927,8.202706015,34.96933295,55.99,15.713,74.2709,rabi,774.47,643.49,mothbeans
23,45,21,31.46511256,51.79939437,8.985348193,74.44330654,62.93,20.2543,77.7962,kharif,906.58,974.85,mothbeans
29,57,20,25.60973447,50.7330069,5.87707519,53.39249517,58.14,16.2445,78.6293,rabi,863.07,720.33,mothbeans
31,35,23,30.30260453,47.18283631,7.707595055,68.04039813,59.6,20.0401,71.7959,kharif,845.81,864.44,mothbeans
0,55,25,28.17489437,43.6672299,4.524171562,45.78172762,100,12.2981,86.708,kharif,3790.82,4027.83,mothbeans
7,45,22,25.50634557,44.8302551,9.926212291,74.32635105,59.62,16.1942,79.2502,rabi,980.54,701.68,mothbeans
17,58,25,31.12896766,43.58788762,6.455592696,32.76742894,56.7,20.5866,79.2787,kharif,765.4,802.04,mothbeans
11,44,17,26.34043268,55.59160391,8.016210782,35.1051197,100,11.1898,81.6265,rabi,2486.54,1855.43,mothbeans
22,49,22,28.23494706,61.5620517,3.71105919,72.66666443,37.83,27.2336,74.7499,kharif,187.26,195.48,mothbeans
9,51,19,27.04453473,49.32609633,5.49091063,48.25207759,100,9.9572,75.6779,rabi,2809.19,2023.95,mothbeans
28,48,15,25.16125354,55.25435777,9.254089438,40.89732789,46.57,25.8266,69.7916,rabi,505.25,395.93,mothbeans
26,50,19,27.3179125,51.66921088,6.005242945,32.55919573,100,11.0726,76.4133,rabi,3402.06,2480.7,mothbeans
36,56,20,25.4123765,49.66474269,7.437078236,31.87416982,100,9.4093,82.5681,rabi,3626.96,2672.04,mothbeans
8,60,18,31.21629982,46.01868196,3.808429173,53.1205277,66.93,20.1705,71.4647,kharif,983.28,1177.42,mothbeans
24,37,21,30.573999,58.22686794,5.818219385,62.74803826,92.19,15.3752,84.736,kharif,1617.3,1935.06,mothbeans
22,43,24,25.42517036,53.2208266,4.52363558,46.19374559,60.58,20.0409,73.8933,rabi,949.61,750.96,mothbeans
36,43,24,27.09400578,43.65305437,3.510404312,41.53749535,63.78,23.8371,84.6027,rabi,1125,794.16,mothbeans
22,44,24,24.30935081,56.32938343,6.030447288,58.99536268,43.89,28.7512,76.7633,rabi,436.04,302.52,mothbeans
17,43,22,30.06142622,45.90067655,5.498340808,41.0550915,62.34,15.6091,70.4775,kharif,931.82,940.82,mothbeans
8,45,15,28.09568993,60.9835384,4.61136408,33.84110759,100,8.706,77.8473,kharif,2842.96,3366.13,mothbeans
7,56,23,26.33908791,40.00933429,5.545219232,55.50429227,44.54,24.6501,79.9298,rabi,486.08,387.71,mothbeans
36,57,16,28.61409059,57.14218792,8.292875734,57.02891698,100,10.6539,70.1722,kharif,2730,2745.29,mothbeans
11,45,19,28.70012137,44.359648,3.828031463,44.11622138,55,20.3673,76.529,kharif,697.61,774.17,mothbeans
6,36,22,24.21610338,59.79236306,8.869532817,42.24783476,78.9,19.545,81.5443,rabi,1550.38,1127.79,mothbeans
17,57,20,28.50677929,45.20094476,3.793575185,66.1761456,47.16,29.0967,78.4058,kharif,457.05,566.88,mothbeans
4,47,20,25.97948991,64.95585424,4.193189124,72.19245835,70.86,19.63,81.7039,rabi,1238.62,972.52,mothbeans
9,49,16,30.88482722,41.36561835,7.661537348,55.053805,68.89,21.5125,71.8949,kharif,1103.13,1179.53,mothbeans
25,51,24,25.5042419,61.66852372,9.392694614,65.07981523,100,9.1603,86.5546,rabi,2252.16,1899.38,mothbeans
36,44,21,25.12528913,51.33189406,4.516154055,38.48678973,100,9.049,84.2315,rabi,2583.26,1933.87,mothbeans
21,38,20,27.10508014,63.56791363,5.794289715,62.20279647,40.84,25.6333,85.8939,rabi,294.96,239.06,mothbeans
37,57,20,31.1006247,44.82069159,7.354286985,70.79934452,64.94,15.4648,76.8581,kharif,920.32,1136.76,mothbeans
32,48,18,26.45707778,56.40226277,5.993513566,64.16167699,51.42,31.3855,69.1004,rabi,656.85,509.79,mothbeans
29,44,20,30.04132304,63.56222995,8.620107545,31.83192392,100,13.4232,68.7919,kharif,3237.72,3870.26,mothbeans
25,51,18,27.77799528,54.82130787,9.45949344,50.28438729,56.51,18.6055,87.0692,rabi,791.84,679.6,mothbeans
10,44,24,30.99256944,43.02151392,8.0344125,58.27600682,100,14.2838,79.6603,kharif,2261.46,2338.51,mothbeans
23,35,18,26.4908332,47.36534833,5.414492777,36.99362831,79.61,19.7979,73.3622,rabi,1532.95,1281.1,mothbeans
9,60,23,31.96987867,57.17377029,6.276004336,64.25520357,100,9.0064,76.5853,kharif,2300.86,2671.56,mothbeans
3,58,21,25.36140526,46.82652785,9.160691747,55.60523179,100,13.2157,87.891,rabi,2923.22,2334.77,mothbeans
22,42,22,25.54249137,56.96640758,7.887658711,48.46797044,74.64,16.4435,75.9268,rabi,1348.9,1131.1,mothbeans
12,39,21,28.99319096,62.85948245,8.183844843,70.4713043,87.13,15.8036,69.3624,kharif,1438.56,1804.97,mothbeans
39,36,22,29.34317422,60.50320928,9.072011412,34.03335472,70.36,19.0635,68.1109,kharif,1085,1174.14,mothbeans
32,41,16,28.63618921,61.39451307,7.702287236,68.54877876,49.95,26.9351,70.9545,kharif,524.78,554.36,mothbeans
30,41,15,24.83206631,44.17085032,5.88509677,52.0810886,77.39,22.1885,72.7402,rabi,1560.38,1117.95,mothbeans
19,36,22,25.44689075,58.55363573,6.16496284,57.04826619,41.18,29.287,72.6378,rabi,339.44,235.76,mothbeans
4,46,15,31.01274943,62.40392519,3.504752314,63.77192383,100,13.3627,80.3211,kharif,3955.18,4923.36,mothbeans
21,39,20,27.06179658,52.3003173,7.388007483,60.74583498,59.83,18.4646,84.3128,rabi,960.88,691.84,mothbeans
35,57,25,27.0956288,42.26206161,8.340398059,71.1271039,44.75,28.1559,70.3903,rabi,506.35,360.06,mothbeans
22,55,24,28.56800579,57.30636014,8.66077954,64.53027638,54.16,21.7306,86.807,kharif,606.27,753.82,mothbeans
35,51,17,28.79929247,49.84213387,3.558822825,40.85534718,100,13.1493,85.2564,kharif,2121.46,2159.55,mothbeans
17,56,17,27.94293692,45.41393636,5.9565851,69.66289997,40.06,30.1785,73.2396,rabi,338.39,250.31,mothbeans
28,57,17,30.47757686,61.58245338,9.416003106,61.86633917,76.78,17.8796,82.1589,kharif,1221.82,1412.54,mothbeans
22,36,16,30.58139475,50.77148138,8.18422855,64.58559639,100,9.0516,70.3795,kharif,2597.97,3127.98,mothbeans
11,41,19,26.85911286,41.81420849,5.131779302,44.13827124,100,14.7433,79.8566,rabi,3685.83,2521.91,mothbeans
38,38,18,26.31051759,61.18749126,6.294130313,35.73403813,43.68,30.0433,87.1202,rabi,385.61,323.28,mothbeans
23,37,24,28.77833449,44.2252605,7.991902443,33.95825723,37.91,31.9873,69.6627,kharif,223.34,268.29,mothbeans
25,35,20,28.90245417,43.35365671,8.923095695,71.90018566,46.84,29.4809,81.5248,kharif,454.87,560.35,mothbeans
40,45,20,29.37687468,57.69622912,6.878498176,38.34303462,100,9.4669,71.7246,kharif,2034.4,2182.42,mothbeans
23,58,19,24.17093241,58.25204566,5.243634849,59.18953429,53.73,21.5514,80.4229,rabi,724.83,560.37,mothbeans
2,56,23,26.65333029,59.79023382,7.550090941,36.91852635,53.67,18.2608,70.3501,rabi,733.83,534.09,mothbeans
3,56,17,28.19912143,53.50567601,8.709291688,52.13580529,56.97,16.0946,86.4447,kharif,743.14,784.04,mothbeans
26,51,25,28.76488954,52.62741529,7.792508068,55.21606732,75.02,22.1861,73.0593,kharif,1179.74,1410.7,mothbeans
39,42,20,29.3499706,61.25353851,8.055908858,40.82840673,47.27,29.1964,85.886,kharif,425.94,508.12,mothbeans
27,59,20,28.00937423,52.60950014,4.397698806,36.01203025,100,11.3974,71.7315,kharif,2890.54,3394.15,mothbeans
24,45,19,26.85851927,48.8246387,5.952384957,34.7426459,54.03,19.0642,79.5728,rabi,761.53,594.77,mothbeans
7,40,17,31.2123945,40.92604945,8.532078733,53.78769958,57.3,18.356,72.7231,kharif,726.98,911.04,mothbeans
15,45,23,24.20422636,61.43378674,7.224193642,46.0203959,49.5,29.7288,72.947,rabi,571.63,461.53,mothbeans
26,52,23,29.98835437,49.60384796,4.931890506,52.92929636,56.73,15.5779,68.4175,kharif,714.35,832.44,mothbeans
20,45,16,29.93964907,54.61813464,4.626212446,45.43669946,41.23,29.7853,73.9338,kharif,298.55,320.14,mothbeans
34,54,24,31.2119298,41.55934359,5.026003659,68.80141783,60.7,22.3838,87.517,kharif,862.37,953.02,mothbeans
19,51,25,26.80474415,48.23991436,3.5253661,43.87801983,75.38,15.7701,83.8418,rabi,1467.68,1080.12,mothbeans
29,41,21,31.49398069,62.84916863,8.86979671,64.56807592,48.34,29.1277,75.2244,kharif,462.01,521.12,mothbeans
20,50,22,30.99694676,46.42693735,9.406887533,38.31597852,100,14.0568,84.4172,kharif,1992.98,2513.18,mothbeans
11,40,23,29.61253065,63.04749127,5.80428611,50.1978269,56.73,23.1619,73.2799,kharif,713.79,743.19,mothbeans
15,54,15,29.97604322,57.03184356,8.35495812,44.86052932,81.5,18.7199,78.1458,kharif,1364.34,1567.32,mothbeans
35,55,22,30.88883074,52.62696801,8.634929739,55.51932414,69.88,18.2555,85.3105,kharif,1079.54,1201.76,mothbeans
9,59,25,30.39321309,60.16299493,7.699200949,35.37493212,78.65,20.2073,71.6742,kharif,1350.53,1374.64,mothbeans
40,45,18,30.43683729,55.20522037,5.261285926,30.92014047,62.7,23.1331,74.1108,kharif,901.86,942.53,mothbeans
35,38,19,25.32688786,63.18180319,9.112771682,32.71129281,39.01,30.8428,72.4705,rabi,238.13,195.08,mothbeans
14,58,17,30.53684308,59.96664731,4.605700542,33.48919022,39.77,28.2079,78.0999,kharif,230.26,277.65,mothbeans
40,55,18,30.38257873,40.5926071,7.115994051,47.95406479,40.66,29.8196,85.8464,kharif,330.7,332.34,mothbeans
18,36,23,24.01825377,53.76623369,7.214078621,35.03404425,100,8.7459,87.3787,rabi,2248.98,1865.96,mothbeans
35,52,15,28.69841277,61.14754363,9.93509073,65.67591794,77.69,21.5526,82.508,kharif,1334.91,1325.2,mothbeans
4,59,22,29.33743412,49.00323081,8.914074888,42.44054315,100,9.2388,83.3207,kharif,2952.19,3470.34,mothbeans
22,51,16,27.96583691,61.34900107,8.639586199,70.10472076,61.51,21.0126,81.4916,rabi,1000.95,690.16,mothbeans
33,47,17,24.86803974,48.27531965,8.621514073,63.9187654,72.13,23.0474,87.5761,rabi,1302.27,1083.58,mothbeans
2,51,17,25.87682261,45.96341933,5.838508699,38.53254678,70.01,17.8327,82.7378,rabi,1334.67,914.48,mothbeans
16,51,21,31.01963639,49.9767522,3.532008668,32.81296548,100,11.8697,73.22,kharif,3669.51,4248.84,mothbeans
19,55,20,27.43329405,87.80507732,7.18530147,54.73367631,41.9,26.8484,82.3158,rabi,253.13,203.47,mungbean
8,54,20,28.3340432,80.77275974,7.034214276,38.7976407,100,10.8678,74.9854,kharif,2286.79,2384.29,mungbean
36,55,20,27.01470397,84.34262707,6.635968698,55.296354,39.99,29.5441,80.545,rabi,211.5,154.76,mungbean
10,56,16,28.17432665,81.04554836,6.828187499,36.35720652,83.23,15.1271,73.8155,kharif,1292.27,1618.7,mungbean
22,56,17,29.87888063,87.32761241,6.89077995,44.75215854,65.09,18.9364,86.9728,kharif,887.53,907.43,mungbean
9,57,24,29.89232778,89.71503316,7.165121109,42.99498978,70.69,16.6397,87.3737,kharif,970.87,1153.3,mungbean
34,59,23,28.56212158,83.24855855,6.935804256,56.48265193,100,11.5705,69.7149,kharif,3411.49,3392.57,mungbean
31,51,25,27.53592929,85.5701901,7.196774236,53.01899249,40.08,28.3897,86.8906,rabi,210.08,154.55,mungbean
0,49,18,29.68361658,87.93598094,6.990095452,41.82490236,65.06,16.0635,75.3807,kharif,871.96,922.04,mungbean
21,39,20,28.14448546,82.1193047,7.064782138,46.75690086,49.77,25.9587,73.9504,kharif,447.9,506.75,mungbean
28,35,22,29.53037621,86.73346018,7.156563094,59.87232071,79.25,21.3494,83.7679,kharif,1176.14,1469.98,mungbean
17,52,17,27.88352946,86.45147631,6.364967184,44.64407105,60.38,21.5539,76.2872,rabi,857.75,638.49,mungbean
24,42,23,28.22471276,82.35916228,6.428054409,44.01206619,74.55,15.3398,75.6427,kharif,1115.31,1266.9,mungbean
28,46,16,29.008124,84.96089355,6.664187809,45.91011391,100,8.4424,82.9169,kharif,3058.52,3543.85,mungbean
21,38,21,29.75538903,86.45193297,6.637677489,37.54602719,100,8.1599,79.2908,kharif,3345.43,4224.32,mungbean
34,60,25,29.78416743,85.16906976,6.79385576,40.77872823,73.14,21.5581,81.4115,kharif,1119.86,1148.61,mungbean
19,53,22,27.8640132,80.4513142,6.852884643,42.83053902,62.99,23.156,70.0299,rabi,915.44,775.48,mungbean
31,58,15,27.11026483,84.96771717,7.121571293,51.52617423,41.76,27.3009,81.7686,rabi,265.26,197.13,mungbean
19,35,24,27.11030369,83.64274107,6.883308033,49.11964582,96.37,13.1474,77.6052,rabi,1966.71,1577.89,mungbean
24,53,17,28.95451232,89.07866095,6.421271178,57.65901369,57.39,28.7429,77.8658,kharif,613.65,747.19,mungbean
13,47,20,29.21780035,87.93724219,6.54450214,43.1386631,63.19,17.2762,83.9001,kharif,828.82,854.91,mungbean
31,53,16,28.7420098,85.81675947,6.452006451,48.54598575,73.37,16.132,85.2683,kharif,1033.1,1274.83,mungbean
28,45,23,29.65021184,80.29868321,6.489259136,56.76278363,66.67,22.9921,82.4593,kharif,894.28,1050.25,mungbean
31,37,21,27.23924995,86.404241,6.713410626,37.31236904,96.5,8.2086,71.0534,rabi,1984.55,1544.29,mungbean
33,60,15,28.95172351,81.67085323,6.510840928,56.51103293,69.73,15.0296,73.4975,kharif,984.71,1124.6,mungbean
34,45,21,28.18837136,82.60629652,6.287380117,37.01110438,41.42,30.1394,70.8932,kharif,217.56,253.87,mungbean
13,57,25,28.30041493,86.20681554,6.86308576,50.47333854,73.88,23.8246,70.9996,kharif,1054.98,1277.28,mungbean
33,57,17,27.89636126,88.71782287,6.78415271,57.79863368,71.48,17.707,81.3129,rabi,1226.1,872.61,mungbean
32,57,22,28.6899851,87.50436797,6.769415888,44.56598352,45.37,24.3049,73.6624,kharif,298.26,377.04,mungbean
23,59,25,27.8262623,88.73100226,6.320768488,56.68833819,100,10.245,79.1187,rabi,2640.82,2187.58,mungbean
35,41,18,28.70562673,81.59200689,6.705008504,59.87065439,100,11.3326,83.5226,kharif,2342.16,2591.9,mungbean
6,48,24,28.6362812,84.61431076,6.790736339,48.48319335,100,9.8871,84.7755,kharif,3569.37,4270.22,mungbean
29,36,25,28.28511547,88.4393979,7.130278657,48.56690235,46.41,26.6017,77.501,kharif,358.67,359.78,mungbean
4,36,22,27.60887393,86.13316408,7.012740397,43.80041104,62.21,15.9055,83.3891,rabi,945.6,645.88,mungbean
10,59,22,28.60901145,86.99495766,7.155685016,36.94616965,46.92,28.9596,86.5676,kharif,348.82,416.1,mungbean
14,48,21,29.24598976,84.80084105,6.991242362,53.43228915,100,13.8886,73.1176,kharif,2957.32,3441.41,mungbean
8,50,21,28.62911222,89.1148059,6.218923893,50.49913241,73.72,17.7478,77.3343,kharif,1067.53,1230.22,mungbean
20,40,15,29.57329479,88.07505524,7.199495368,45.04467075,100,11.2466,76.8821,kharif,2313.71,2564.6,mungbean
36,43,22,27.82684262,87.16679147,6.389882166,58.37249772,77.45,15.422,68.838,rabi,1394.39,1056.12,mungbean
14,57,15,29.8757015,83.14796296,6.623438282,40.12044158,100,13.3105,72.9015,kharif,4182.18,4731.6,mungbean
11,60,23,27.33684386,88.50229102,7.033012777,51.09802625,100,8.6491,68.4146,rabi,3039.06,2327.25,mungbean
10,59,15,29.83040388,89.30428305,6.32400451,58.86687093,43.28,26.9653,79.2791,kharif,243.36,299.1,mungbean
7,60,25,28.2753171,82.76020821,6.397636709,56.04995423,46.28,30.3103,68.0247,kharif,346.03,405.58,mungbean
2,47,15,29.86860065,85.99127934,6.401455706,58.41394143,69.55,16.7274,73.7144,kharif,940.35,1143.19,mungbean
20,45,22,29.5888162,89.9939693,6.904587016,54.96121262,65.45,18.9324,82.0378,kharif,856.07,955.6,mungbean
2,39,15,28.07219563,82.9116472,6.478557136,49.61865305,100,10.0372,79.0725,kharif,3949.23,4876.22,mungbean
27,40,24,27.84026517,89.99615558,7.063022095,52.84626009,64.19,21.3121,86.3554,rabi,986.81,696.82,mungbean
35,48,15,27.10818093,87.4512669,6.981758362,55.03723979,60.44,21.8149,86.4007,rabi,849.51,647.12,mungbean
4,59,25,27.68515114,81.94268594,6.227134139,54.62243308,70.01,17.4596,85.6327,rabi,1177.53,884.61,mungbean
1,48,24,29.34594634,85.60472562,6.232836962,59.03629954,100,9.2516,77.4374,kharif,3833.99,4489.15,mungbean
36,43,21,28.36319404,84.8593608,7.140437859,52.93031105,49.49,26.5327,73.2741,kharif,444.95,473.86,mungbean
11,46,24,27.65280218,89.80650642,6.459252023,56.52558045,100,12.4711,82.4884,rabi,2455.02,1722.02,mungbean
34,47,19,27.31372793,85.44815232,6.568795404,53.15223123,76.38,23.6812,86.8844,rabi,1410.27,975.38,mungbean
21,44,18,27.06909959,86.89934108,7.12851089,50.46746116,99.36,8.485,87.7679,rabi,2082.25,1601.96,mungbean
17,58,20,28.06642822,85.91625451,6.42937879,39.23831035,46.85,31.3576,70.7411,kharif,375,383.74,mungbean
25,40,21,27.73329078,81.13903037,6.248900919,44.17580911,59.32,17.5187,68.1384,rabi,853.58,609.12,mungbean
2,38,18,27.53632932,89.92908171,6.619891498,45.48591922,100,8.9827,80.2243,rabi,3549.56,2907.71,mungbean
9,48,20,29.66461594,84.28187572,6.377568542,56.09542002,100,13.7734,73.0954,kharif,3779.17,4576.7,mungbean
37,49,25,29.9145443,85.85384444,6.415459592,41.39081525,55.91,28.1236,75.8976,kharif,589.01,703.02,mungbean
36,38,15,28.36363858,87.59810657,6.320662012,57.99524359,100,10.2119,68.0002,kharif,1999.2,2353.68,mungbean
40,58,15,29.46416042,87.60890009,6.978400282,43.15411472,100,12.7576,78.9721,kharif,4532.75,5521.02,mungbean
30,44,16,29.73013036,82.89166381,6.442335593,50.91511275,67.45,15.6408,71.823,kharif,895.52,1083.45,mungbean
1,59,23,27.46852989,87.17649,7.184398832,43.78420984,80.85,21.2642,85.6875,rabi,1548.85,1076.78,mungbean
9,48,22,27.77076285,87.09979549,6.402926221,49.50812624,100,8.1358,73.1366,rabi,3968.15,3314.25,mungbean
14,41,17,29.12939524,88.48312598,7.085982325,36.45012824,100,10.0924,73.7947,kharif,2406,2894.78,mungbean
35,52,19,27.10606808,89.89593328,6.698574085,37.45680611,57.37,22.9996,74.146,rabi,758.71,547.21,mungbean
31,48,17,28.88078945,86.94206817,6.594739424,53.79732545,48.34,30.2134,85.19,kharif,390.61,455.58,mungbean
4,41,20,28.14720892,83.8001509,6.647965508,37.44800463,100,9.9535,77.9908,kharif,2947.02,3349.14,mungbean
30,37,25,29.89129144,80.14487166,7.120032489,54.7960127,54.53,30.3944,84.0529,kharif,572.36,671.29,mungbean
9,35,20,27.41503453,80.98004661,6.91380932,40.53173216,45.53,28.9017,78.6355,rabi,405.75,287.78,mungbean
20,41,20,29.27308605,89.4875022,7.073048264,50.9246554,90.86,17.031,73.9802,kharif,1574.29,1695.18,mungbean
37,50,23,29.65296893,88.48587386,6.5304707,56.01913159,100,8.6621,76.8873,kharif,3388.77,3709.89,mungbean
34,35,21,28.44524991,82.67639542,6.684381357,58.18713162,81.19,16.2131,75.3477,kharif,1251.98,1525.35,mungbean
14,37,15,27.96235681,83.97586797,6.581351374,48.9366954,42.93,30.6683,71.834,rabi,292.35,245.83,mungbean
23,39,22,29.25649321,81.97952224,6.86483915,42.02483277,44.55,28.6774,78.597,kharif,313.25,338.87,mungbean
5,45,21,28.36291385,88.00989267,6.487124217,43.05130077,100,14.1196,77.0032,kharif,2655.23,3041.98,mungbean
22,37,20,27.62749466,86.49366929,6.605733068,39.26137642,61.5,16.9701,83.5603,rabi,868.3,698.65,mungbean
40,51,17,28.66086349,86.12194568,6.860602782,50.01534317,57.57,25.6404,76.1809,kharif,670.34,703.08,mungbean
27,56,20,29.2114218,87.11497805,6.41874299,51.53848218,43.8,30.8614,75.7667,kharif,279.81,299.53,mungbean
31,40,22,29.40889385,86.16063492,6.365513634,53.35486977,100,8.674,80.3227,kharif,2480.42,3109.92,mungbean
38,36,21,28.02952623,84.8845732,6.556372966,36.12042927,71.59,16.8777,81.1165,kharif,982.84,1229.82,mungbean
6,37,17,28.08657178,80.35005927,6.760694228,38.14476781,41.4,30.6323,68.8244,kharif,231.75,248.5,mungbean
6,47,18,29.16174608,80.28038146,6.715276663,40.16545979,100,12.0269,69.6666,kharif,3710.07,3820.98,mungbean
24,44,17,29.8596912,80.03499648,6.666380512,50.66487502,43.26,26.2303,85.465,kharif,292.06,294.38,mungbean
25,59,19,29.06631494,83.6869203,6.626629798,43.95183726,43.76,27.2613,76.0284,kharif,289.59,306.86,mungbean
32,56,21,27.38538997,88.66663953,6.702772465,58.29933073,100,8.9691,75.1068,rabi,2965,2061.63,mungbean
8,45,18,27.93034941,85.42058715,7.011030515,43.25095608,100,12.4396,71.1132,rabi,3456.76,2734.97,mungbean
19,39,17,29.2808618,81.8009244,6.890156495,44.47427436,44.68,26.6499,69.5301,kharif,304.02,361.13,mungbean
39,37,15,28.9973145,83.78911515,6.821747052,59.84499208,45.44,30.4032,75.0404,kharif,310.39,390.54,mungbean
33,37,19,27.92678579,86.5543196,7.183189922,43.4826194,100,9.7464,76.4721,rabi,3084.43,2253.6,mungbean
26,54,17,28.5474135,88.9570454,6.27258822,49.4897245,86.04,20.4045,73.7178,kharif,1412.58,1592.79,mungbean
21,51,15,29.36488409,89.1886954,6.679127482,48.30159325,55.28,20.7843,69.1668,kharif,588.84,639.1,mungbean
22,54,20,28.56149805,83.63802195,6.689825155,41.013132,100,9.812,72.8741,kharif,2324.5,2750.8,mungbean
29,45,16,28.43683487,87.91332682,6.583381939,43.12063289,75.67,19.9338,71.2474,kharif,1176.81,1222.7,mungbean
4,40,21,28.79728147,80.45744422,6.725551062,44.30070517,53.1,24.1172,87.6812,kharif,560.1,589.96,mungbean
10,37,22,28.7275267,89.12760359,7.069747814,58.52974279,100,11.715,70.6681,kharif,3833.68,4665.68,mungbean
4,44,19,27.95639663,83.52706038,6.921993878,43.25726752,65.1,16.2738,83.565,rabi,1039.49,730.42,mungbean
20,45,17,28.17458662,83.69659318,6.770955317,37.2464655,100,13.4308,71.502,kharif,3543.99,4092.36,mungbean
23,45,23,28.77653519,86.69133979,6.983130466,56.12443206,49.51,25.8634,68.2354,kharif,437.87,472.48,mungbean
25,48,21,28.438097,83.48991368,6.267684328,52.55469976,100,8.0342,74.3592,kharif,2616.72,3289.4,mungbean
56,79,15,29.48439992,63.19915325,7.454532137,71.89090748,71.17,21.0663,86.0105,kharif,1142,1134.12,blackgram
25,62,21,26.73433965,68.13999721,7.040056094,67.15096376,39.35,29.426,84.9105,rabi,238.88,183.67,blackgram
42,61,22,26.27274407,62.28814857,7.418650668,70.23207557,51.17,17.5392,80.2315,rabi,622.55,499.49,blackgram
42,73,25,34.03679184,67.21113844,6.501869314,73.23573601,99.38,10.6958,79.5116,summer,2413.9,1292.12,blackgram
44,58,18,28.03644051,65.06601664,6.814410928,72.49507741,60.36,22.4043,77.111,kharif,771.07,895.39,blackgram
50,55,16,28.81460716,65.33538112,7.581442888,62.26242533,71.86,23.8774,82.2955,kharif,1082.4,1245.55,blackgram
35,72,21,34.03619494,64.28791388,7.741418772,66.85510868,50.75,25.7899,84.5986,summer,694.03,362.82,blackgram
30,64,20,33.8642935,61.57072498,6.573531614,68.02199825,72.51,21.0163,72.5646,summer,1457.03,814.2,blackgram
27,64,21,32.84213012,68.68401492,7.543804223,73.67166182,37.08,29.3146,72.6482,summer,182.55,103.84,blackgram
50,74,17,27.10053268,63.36085585,6.5408208,73.84949872,78.76,16.3318,77.7752,rabi,1461.23,1213.46,blackgram
39,73,24,25.65842532,61.18235808,7.22405917,69.28607828,100,12.0569,79.8122,rabi,4623.15,3475.24,blackgram
57,67,25,32.34744009,66.61452812,7.551364319,64.55882254,61.13,19.627,71.5331,summer,1083.73,519.86,blackgram
52,63,19,29.58949031,68.32176769,6.928898659,67.53021213,56.25,21.8671,84.7679,kharif,632.84,784.16,blackgram
55,66,22,30.91219459,68.79427388,7.747775263,66.63830637,100,12.9324,72.7548,kharif,3233.85,3525.01,blackgram
51,56,18,28.12787838,64.2097765,6.706505915,70.86340755,100,10.9174,83.7963,kharif,3086.45,3060.31,blackgram
36,66,15,30.08545364,69.34811988,6.668238556,67.1367443,46.85,26.768,68.6071,kharif,421.66,431.95,blackgram
59,55,19,31.74379487,62.51007687,7.332375138,68.97097538,51.21,26.961,79.2061,kharif,518.04,639.63,blackgram
50,58,23,27.81326852,62.50460464,7.596802025,69.75555541,49.68,25.6521,70.1154,rabi,589.21,443.25,blackgram
30,65,25,32.88733849,64.59457409,7.70650895,71.50569456,66.17,20.8241,69.805,summer,1237.59,663.74,blackgram
20,62,18,29.36358721,64.98742947,7.366542647,61.91208707,41.38,25.391,69.689,kharif,267.85,301.93,blackgram
58,71,15,27.82592799,67.5861883,6.919243702,74.01229707,45.37,31.968,75.1075,rabi,441.55,318.58,blackgram
25,71,24,28.49538735,60.44848407,7.187721818,74.91559514,100,11.3066,75.4411,kharif,2783.38,3428.64,blackgram
52,71,16,27.74274761,68.53997144,7.075886472,71.78615328,56.23,22.9944,78.1652,rabi,784.3,579.43,blackgram
40,63,18,30.41588462,67.66323804,6.74441168,63.02473185,60.14,19.6354,72.7912,kharif,729.74,918.73,blackgram
20,60,25,27.3254209,69.09047809,6.726469088,61.19250859,41.85,28.5447,86.6184,rabi,313.93,244.25,blackgram
48,61,21,30.28496619,61.69295127,6.628264883,65.62859526,45.22,27.8551,85.6182,kharif,392.55,412.99,blackgram
49,68,22,28.56840626,61.53278622,7.127064207,63.49726331,46.73,30.7509,72.4597,kharif,405.5,497.98,blackgram
48,62,15,25.36586097,66.6379724,7.538631462,65.81655892,100,14.4604,86.7103,rabi,3690.69,2838.4,blackgram
32,66,17,34.9466155,65.26774011,7.162357641,70.1415139,67.07,23.9203,79.2684,summer,1322.38,606.41,blackgram
21,63,22,25.09737391,67.72837887,6.859409487,74.61649888,100,8.3265,86.4232,rabi,2580.55,2187.64,blackgram
20,72,19,32.47648301,64.34848735,7.397190844,65.820457,45.04,29.3353,84.7956,summer,484.97,260.19,blackgram
25,65,21,33.86351172,68.59232289,6.880245789,69.24464096,52.52,22.0211,75.432,summer,736.02,395.76,blackgram
41,78,21,25.19857725,60.37332688,6.581313137,70.88787207,75.27,23.5379,81.5233,rabi,1406.68,1073.29,blackgram
53,67,17,31.77681682,69.01852894,7.296972161,61.46892873,67.95,22.449,76.2547,kharif,944.82,1143.21,blackgram
39,60,21,34.89814946,63.59948557,6.97297656,64.72797143,46.75,25.8252,86.4057,summer,552.85,289.01,blackgram
25,76,17,31.74105409,68.63525428,7.241148507,62.3061735,49.79,24.5045,78.4626,kharif,471.27,566.65,blackgram
21,78,19,27.16159076,66.76017239,6.92009048,69.85112265,47.63,29.6844,76.3984,rabi,503.08,392.83,blackgram
57,60,17,26.23773129,67.88521396,7.504608385,73.58663968,44.59,26.9002,72.197,rabi,415.31,299.82,blackgram
56,75,15,30.20157245,60.06534859,7.152272256,66.37171179,68.33,19.3584,81.3142,kharif,1053.86,1082.82,blackgram
49,72,15,31.55846339,67.83563765,7.137004749,74.86960831,96.26,12.7012,77.8312,kharif,1766.89,1942.63,blackgram
24,80,19,29.67892453,69.0854554,6.808041722,65.66436565,63.24,15.7085,82.179,kharif,867.94,931.21,blackgram
49,76,18,27.05365239,67.7017527,7.393631868,60.4693835,100,14.0718,78.2002,rabi,3004.26,2215.62,blackgram
28,68,19,34.63880966,61.38597868,7.69950698,72.43169115,64.66,19.1254,83.116,summer,1191.15,646.73,blackgram
55,78,21,33.39438752,62.93692886,6.602888249,63.57445989,40.92,29.3361,86.323,summer,336.51,193.19,blackgram
50,64,25,28.84079155,63.37230676,6.734447425,70.25496749,68.78,21.5505,69.1769,kharif,964.12,1210.96,blackgram
34,80,19,31.49338309,63.0563645,6.521217963,71.48327008,53.26,31.868,78.1226,kharif,568.13,706.11,blackgram
20,68,23,25.54960633,63.95425534,7.707332484,63.1830529,50.35,22.7134,79.2023,rabi,588.82,478.67,blackgram
55,67,16,34.37329112,69.69366426,6.596719015,70.27184748,38.8,29.5255,82.3846,summer,244.85,128.77,blackgram
23,70,15,34.6008247,63.11296779,7.403623355,60.41790253,59.45,21.9493,82.6034,summer,1045.99,481.26,blackgram
53,74,15,29.43463808,64.94329356,7.517097,72.17818157,57.91,19.1688,83.5858,kharif,724.03,795.65,blackgram
26,67,16,29.10713092,67.90577375,7.17620823,67.83345933,65.23,20.0832,69.098,kharif,881.06,1054.31,blackgram
33,80,22,28.57006111,65.71765781,6.593961761,70.0866434,54.57,19.1808,82.436,kharif,607.28,723.77,blackgram
37,79,19,27.54384835,69.3478631,7.143942758,69.40878198,100,10.0439,82.4799,rabi,2801.15,2251.68,blackgram
33,75,21,33.04687968,68.93875631,6.690655045,62.30278274,67.97,18.3087,78.8419,summer,1346.76,609.56,blackgram
22,55,20,33.95309131,69.96100028,7.423530351,61.16350463,47.64,29.5058,71.495,summer,561.28,294.49,blackgram
20,68,17,30.11873003,60.11680815,6.578714843,71.72980375,46.25,28.2404,80.3482,kharif,408.04,472.04,blackgram
43,68,20,29.57812712,66.17587668,7.497469256,69.43895491,64.4,17.2412,78.2527,kharif,910.14,972.02,blackgram
44,76,22,27.26458947,68.01232937,7.775306272,68.91754359,86.92,9.1522,81.5045,rabi,1712.86,1390.92,blackgram
34,60,16,31.35730791,64.24992106,7.322555223,63.85668948,39.11,29.9734,82.5796,kharif,207.77,235.36,blackgram
21,72,17,31.52104732,66.55723677,7.580527339,61.71111448,100,13.4629,74.215,kharif,4400.49,4680.43,blackgram
25,68,19,29.39982732,64.25510719,7.108450121,67.47677295,100,9.1052,86.9849,kharif,2481.29,3013.64,blackgram
41,62,15,29.38400259,64.14928485,7.358974541,65.24194361,100,9.7681,69.5793,kharif,2082.25,2213.96,blackgram
28,65,23,28.38686534,61.88871127,7.405176138,74.24459122,39.64,28.5768,68.7775,kharif,227.89,259.64,blackgram
35,64,15,28.47442276,63.53604453,6.500144962,69.5274407,100,13.9833,70.4811,kharif,3998.62,4641.47,blackgram
52,58,16,30.64095781,61.14508627,7.167435834,71.36947525,50.31,30.2462,87.9713,kharif,496.5,617.82,blackgram
58,75,25,25.25596239,61.36669662,7.261791753,68.64685069,69.48,17.4837,71.9639,rabi,1203.48,951.8,blackgram
34,66,19,32.97030511,60.18122078,7.586642101,73.44678678,40.65,30.2317,79.5332,summer,336.6,193.38,blackgram
52,70,16,33.66855394,66.60416867,7.534811833,67.32520551,100,8.3302,86.9548,summer,4154.91,1976.83,blackgram
23,57,19,32.83963757,67.99803573,7.251000789,73.40452716,64.94,17.7122,87.0785,summer,1187.75,625.85,blackgram
42,58,25,27.45853567,62.90020977,6.513620918,69.46020927,100,13.1577,84.973,rabi,2282.95,1826.92,blackgram
37,62,17,25.68576704,69.84354028,7.121254928,74.62068748,43.78,29.1289,70.9401,rabi,358.82,307.76,blackgram
44,75,22,30.0328403,64.14800537,7.574561547,71.21006868,65.66,17.834,79.5849,kharif,968.84,991.36,blackgram
21,80,20,28.20667264,68.27085245,7.350869792,64.32887142,100,12.55,78.9753,kharif,2375.94,2940.22,blackgram
56,76,16,28.27265858,61.18956161,7.513151076,63.29900785,72.49,21.5977,75.2896,kharif,1178.11,1187.41,blackgram
29,76,15,28.5417236,64.2020154,7.025607706,69.68862306,100,14.6785,76.8497,kharif,2557.05,2897.69,blackgram
43,61,20,26.87187036,61.61367264,6.804253866,63.51822045,43.35,30.4356,81.8355,rabi,399.83,279.68,blackgram
55,60,15,32.79766751,68.77994074,7.163043872,64.11411069,46.23,29.9535,79.7802,summer,508.94,278.37,blackgram
44,63,15,26.42333018,64.51136845,7.338929556,63.46546487,60.98,20.1169,86.4624,rabi,925.58,734.64,blackgram
29,67,21,29.79181107,63.38789228,6.621323612,63.02169909,63.23,16.2319,69.8857,kharif,843.88,1000.75,blackgram
47,63,16,27.44003279,67.10464369,6.661870999,72.50669768,43.97,27.1164,70.2997,rabi,382.81,306.98,blackgram
40,68,17,34.1262979,65.14877461,7.733149554,70.40795007,100,8.3298,71.8371,summer,3771.76,1715.59,blackgram
58,61,15,30.94908189,64.23364112,7.402891666,62.78730907,44.07,29.7116,85.5974,kharif,361.94,360.78,blackgram
41,74,18,28.75751783,61.02701476,6.599147298,73.37686831,67.19,22.3294,78.3081,kharif,981.94,1096.54,blackgram
58,79,17,27.24766491,66.10123083,7.04174124,62.31842057,44.05,26.0065,82.235,rabi,390.25,309.08,blackgram
27,62,24,28.63005477,66.770943,7.353876754,62.2737345,65.52,18.2798,75.7254,kharif,940.38,1002.54,blackgram
27,60,17,26.41768321,63.64698302,7.026795359,64.42177127,55.39,18.2497,69.0951,rabi,796.7,539.47,blackgram
52,65,20,32.81705216,66.15665137,6.814301033,68.83924882,43.47,24.0833,79.4337,summer,417.07,234.05,blackgram
44,55,25,29.6321052,65.91359954,7.42160832,71.16331975,40.63,29.9203,85.7329,kharif,245.11,275.99,blackgram
21,62,24,33.49077065,62.73317204,6.847382891,65.45328463,99.27,14.7271,77.7819,summer,2523.75,1167.91,blackgram
60,59,22,31.86847286,66.74217464,7.191522601,74.22238583,41.14,24.2119,80.6057,kharif,257.84,287.38,blackgram
33,77,21,30.32992227,65.62971858,7.01285529,71.64631281,100,12.2305,79.1603,kharif,4675.54,5717.35,blackgram
59,58,17,28.546224,66.31394098,7.368318809,62.83469851,53.71,21.9973,83.667,kharif,632.13,629.12,blackgram
29,63,17,30.02629908,67.88811637,7.26154329,66.47264636,100,11.0178,85.7481,kharif,3706.48,4016.8,blackgram
59,63,18,31.65531175,60.13263713,6.52669158,66.69096751,61.05,15.7441,84.1668,kharif,819.68,909.57,blackgram
29,70,15,30.33499674,63.54718862,6.872594461,74.16699119,50.51,28.4967,71.7175,kharif,493.09,619.77,blackgram
58,73,16,33.36984395,65.67718163,6.874142175,64.89517488,100,10.7627,86.8848,summer,3964.53,1959.4,blackgram
55,77,22,31.4345059,62.99303471,7.76061831,64.77651469,64.79,22.1265,87.323,kharif,900.09,1032.29,blackgram
42,79,23,27.71678273,63.29103387,6.781841984,68.56507978,45.04,24.8332,79.9833,rabi,421.88,351.76,blackgram
44,77,21,32.63918668,61.3009051,7.326980454,61.83876146,45.77,31.3791,73.8138,summer,535.39,262.32,blackgram
38,62,25,32.7477393,67.77954584,7.453975408,63.37784443,47.5,26.8603,75.9552,summer,585.9,267.09,blackgram
32,76,15,28.05153602,63.49802189,7.604110177,43.35795377,74.86,17.1373,72.0665,kharif,1129.61,1394.6,lentil
13,61,22,19.44084326,63.27771461,7.728832424,46.83130119,72.01,15.7054,86.6071,kharif,1051.36,1310.46,lentil
38,60,20,29.84823072,60.63872613,7.491217102,46.80452595,89.85,19.7606,69.1867,kharif,1602.27,1782.89,lentil
11,74,17,21.36383757,69.92375891,6.633864582,46.6352865,100,11.6401,71.4694,rabi,3182.61,2737.57,lentil
37,71,16,26.28663931,68.51966729,7.324863481,46.13833007,98.18,13.9938,85.5537,rabi,2175.77,1521.08,lentil
29,71,18,22.17499963,62.13873825,6.410441476,53.46622584,66.84,21.8194,68.5256,rabi,1163.58,823.93,lentil
2,72,18,26.57597546,60.97876599,7.836719564,50.89110726,46.33,24.3432,77.3156,rabi,489.96,361.98,lentil
6,59,21,26.58972517,66.14007674,6.139215944,50.90994463,43.41,27.6881,69.4955,rabi,386.32,271.28,lentil
13,64,20,19.1345771,62.57526895,6.590571088,36.46946971,92.16,12.119,79.3128,rabi,1940.1,1473.6,lentil
8,58,17,28.75273118,69.15640149,7.286049978,35.15426171,100,14.3731,72.4203,kharif,3017.62,3214.87,lentil
6,77,20,25.78746268,60.2816298,6.058306161,49.14337177,100,12.8138,83.9898,rabi,2787.71,2277.05,lentil
2,75,22,23.89271875,61.78779413,6.658605362,52.55730112,40.58,29.5372,74.6961,rabi,305.14,219.94,lentil
3,69,23,28.67408774,63.18832976,7.299360767,42.96018627,43.17,31.0435,77.6063,kharif,328.13,352.81,lentil
27,80,24,28.42062847,61.77336343,7.815210661,49.02366803,42,29.4209,86.5805,kharif,289.36,335.55,lentil
39,78,15,21.35499456,62.60136323,5.925391795,41.78219834,62.38,20.212,73.9385,rabi,986.44,759.66,lentil
40,79,17,21.12695586,63.18738532,6.403683619,38.71834464,100,10.2208,70.299,rabi,3733.66,2985.59,lentil
37,62,22,24.02037872,61.62313345,7.397546271,49.78102578,52.75,22.3481,86.0235,rabi,671.08,544.21,lentil
31,60,24,25.40474421,65.8567539,7.722335992,51.92057267,55.64,21.4643,84.152,rabi,778.85,564.92,lentil
22,67,22,29.03017561,64.49166566,7.475926645,54.9393771,39.94,31.7962,71.3897,kharif,243.44,241.19,lentil
3,78,18,20.21368219,68.65257685,6.887130053,50.89732989,72.19,19.3399,73.1376,rabi,1279.6,982.14,lentil
4,80,16,29.19585548,68.01965728,7.441976825,44.93261911,46.36,31.7105,86.1253,kharif,382.17,461.24,lentil
13,61,24,18.29783597,69.6897615,7.629910253,49.39111479,100,11.2669,81.3089,summer,4246.87,2093.77,lentil
12,66,20,27.41434987,63.41785982,7.336117221,44.43177543,40.71,25.2488,83.9863,rabi,289.81,238.14,lentil
4,61,21,24.84063998,60.09116626,6.75020529,48.77790371,72.43,16.8112,85.2202,rabi,1345.56,967.55,lentil
9,60,21,29.94413861,67.31323084,7.52178027,40.37113729,47.38,29.4228,87.975,kharif,449.04,444.85,lentil
18,66,22,25.87990287,67.55109024,6.347379185,47.89645224,99.77,11.6029,83.3369,rabi,2148,1670.06,lentil
32,56,18,20.0467711,65.84395319,7.135251532,46.05333124,100,9.8852,72.424,rabi,3047.14,2578.29,lentil
6,72,15,22.99451999,66.70897237,7.670178119,54.49044154,36.97,29.9348,70.6465,rabi,170.12,126.6,lentil
15,77,20,25.13163619,66.92642362,7.399749291,49.04015558,66.16,23.1159,81.787,rabi,1134.67,784.66,lentil
0,65,24,28.49584395,62.44616219,7.841496029,53.14531023,83.2,16.1761,71.0458,kharif,1359.91,1650.2,lentil
30,79,22,18.28766124,69.48515056,6.254216611,48.60449438,41.22,29.1643,81.8837,rabi,303.58,213.24,lentil
3,63,16,24.38041875,61.18458224,6.868881708,53.13946695,64.76,15.8283,86.5626,rabi,1081.28,800.91,lentil
2,78,23,21.31852148,66.43934593,7.320514721,45.42616802,100,14.4723,82.0975,rabi,2426.53,2042.95,lentil
10,78,18,18.54141834,62.70637578,6.296976913,44.07819743,73.5,19.3219,80.7438,monsoon,1067.77,1391.7,lentil
14,67,25,25.28710601,60.85993533,7.241151936,49.37369982,100,14.4804,77.2855,rabi,2975.2,2430.85,lentil
39,65,23,25.43459777,69.12613376,7.685959305,41.02682925,38.98,27.9004,73.2513,rabi,224.38,171.94,lentil
19,72,15,28.83600962,69.76112921,6.890760124,44.08562546,100,11.5546,79.5742,kharif,3007.6,3484.65,lentil
18,57,21,27.37659643,63.93927841,6.155915975,49.47371773,100,12.1734,70.8189,rabi,3910.06,2863.99,lentil
31,58,15,28.31886863,60.19461399,6.167855382,45.36521251,100,11.4989,76.3104,kharif,2119.11,2186.96,lentil
28,58,25,27.4818649,62.04814951,6.861640036,37.81123974,48.23,26.5301,76.0791,rabi,533.43,423.47,lentil
5,65,19,18.28072173,68.10365387,6.978361689,48.80253285,44.49,27.6907,83.5826,zaid,392.44,321.8,lentil
16,65,19,27.61204997,69.29786244,7.043160241,42.72374404,62.88,17.4481,87.5385,rabi,970.04,769.92,lentil
34,65,19,23.43974653,63.22011726,5.94239222,45.40277297,42.45,29.0994,75.7148,rabi,357.46,265.08,lentil
14,69,19,20.95628486,63.68128841,7.239455147,52.39881209,43.15,24.5516,77.1079,rabi,366.63,296.76,lentil
22,55,16,23.7937153,68.03209183,6.516317561,49.73922097,75.43,17.4242,72.1976,rabi,1333.78,1129.86,lentil
24,61,17,22.6371424,65.44544859,6.233269045,38.30411077,48.79,27.4772,74.9729,rabi,547.54,419.78,lentil
2,79,15,21.53577883,65.47227704,7.505283615,35.75107592,87.08,9.6578,71.8398,rabi,1713.52,1417.41,lentil
26,63,17,29.87854588,65.73085206,6.950300686,44.95654782,52.63,27.9359,85.4673,kharif,546.13,675.4,lentil
27,61,15,25.2653291,67.10004577,6.958054839,48.33941188,64.71,20.9973,76.4808,rabi,1059.95,786.67,lentil
24,70,16,25.17885316,68.93307305,6.54803469,35.03484812,75.41,16.1152,82.7703,rabi,1338.94,1116.1,lentil
13,74,25,24.12192608,61.09533545,6.461618577,44.23629285,100,10.935,79.4574,rabi,2495.5,2093.8,lentil
6,64,23,23.33565221,67.40460704,7.065264073,36.18678721,72.05,20.8539,85.6713,rabi,1281.57,978.27,lentil
12,58,23,21.74600081,63.39503184,6.765091462,50.43306085,41.2,30.1908,84.8497,rabi,311.39,242.46,lentil
32,79,22,27.60195453,63.46170674,5.91645379,54.37814199,100,11.2125,78.9037,rabi,3020.65,2083.85,lentil
6,68,18,24.388717,62.50453062,6.711341147,47.26052494,52.29,20.2956,79.2008,rabi,667.04,513.22,lentil
10,79,20,24.98287462,66.895409,6.379881442,38.21370568,46.14,26.8901,71.8356,rabi,453.64,358.62,lentil
38,77,22,28.234829,69.3159965,6.313284268,35.36831423,100,13.1078,84.6119,kharif,1985.7,2474.81,lentil
17,74,17,26.03026959,69.55863145,7.393210848,37.11395801,77.51,21.5415,77.5025,rabi,1445.27,1109.72,lentil
26,68,24,28.04849594,64.07691942,7.504930973,37.15824966,69.14,23.9183,68.598,kharif,1055.5,1108.16,lentil
23,75,17,24.87425505,64.00213929,7.198076286,48.28137482,98.49,13.8507,86.7767,rabi,2052.13,1736.31,lentil
32,78,22,23.97081395,62.35557553,7.007037515,53.40906048,100,14.16,83.8348,rabi,2992.47,2408.82,lentil
19,79,19,20.06003985,67.76252583,6.677262562,42.89509057,49.31,26.9396,79.0259,rabi,550.75,434.4,lentil
22,60,18,19.59221047,61.28633405,6.74398035,41.7704893,100,13.1476,77.8126,winter,3146.05,1946.98,lentil
28,69,16,29.77013109,66.29327012,6.547361618,35.69674138,67.25,19.2829,71.1301,kharif,980.98,1067.04,lentil
1,67,21,27.52135365,60.53657684,6.551577598,48.06491307,47.55,25.5337,76.2273,rabi,521.75,404,lentil
12,67,23,25.62896213,63.14909763,6.585020303,45.49683991,59.64,20.1355,78.1702,rabi,937.24,638.89,lentil
36,67,20,20.39078312,60.47528931,6.924042372,53.31508572,70.99,16.1505,84.8075,rabi,1260.01,982.99,lentil
28,70,21,25.39038396,60.4989659,7.437373666,39.18374505,49.14,29.0842,82.3423,rabi,552.12,470.06,lentil
12,71,19,24.91079638,60.71367427,7.142611056,42.19740397,62.82,16.3672,86.9235,rabi,970.4,822.64,lentil
22,68,16,27.70496805,63.20915034,7.74672376,37.46160727,44.92,26.9377,80.7455,rabi,413.11,355.79,lentil
26,66,22,18.06486101,65.1034354,6.300479414,51.54922825,68.18,23.7144,74.726,monsoon,906.52,1235.71,lentil
16,65,16,18.13027797,62.45851612,6.078724107,50.6128521,68.58,19.1018,76.0563,kharif,983.47,1177.36,lentil
14,59,22,23.82723528,67.89815262,6.76660668,46.90725077,100,11.6778,78.395,rabi,4271.26,3598.67,lentil
33,59,19,23.19305333,62.74710773,7.641024177,49.55213308,56.93,19.9216,72.851,rabi,791.76,654.4,lentil
21,63,17,25.08966129,68.17543102,6.559681838,41.45486619,70.86,21.1015,87.3077,rabi,1204.45,997.1,lentil
0,69,21,25.86928193,61.88321072,7.072923306,36.68284038,99.98,12.773,79.6125,rabi,2280.11,1545.75,lentil
10,75,17,18.43966037,68.05394959,7.732194788,39.00992137,37.45,29.4581,76.6106,winter,190.03,122.93,lentil
30,61,18,27.14911056,67.02664337,6.157782589,52.50812701,69.14,21.0696,87.1059,rabi,1138.43,977.63,lentil
0,74,17,23.33375853,64.50515776,7.240988401,47.01510708,100,12.6928,80.2073,rabi,3106.47,2111.73,lentil
35,74,22,26.7230014,62.96841833,6.898905799,42.87274897,75.72,21.828,85.0192,rabi,1382.17,1118.4,lentil
7,63,24,19.55750776,64.45268309,6.818681086,53.04669416,100,12.7776,85.7849,winter,2662.57,1570.06,lentil
9,56,17,26.13708256,66.7729209,6.261937875,46.48280681,68,16.7768,71.4911,rabi,1117.2,932.1,lentil
14,74,15,27.99990346,65.57653373,6.493036868,49.94043064,100,11.0777,72.9928,rabi,3723.47,2577.93,lentil
14,76,20,29.05941162,62.10652364,7.042474679,36.5011366,100,12.2924,74.1442,kharif,4192.1,5250.31,lentil
36,65,16,25.71269843,64.1123333,7.692013657,50.17067771,37.36,28.8404,82.9913,rabi,183.36,152.27,lentil
28,67,21,21.79792649,63.73086065,6.250994223,46.62370222,45.63,29.6226,87.256,rabi,459.3,338.08,lentil
28,79,16,24.70626432,60.26854183,6.052184881,53.12442925,41.42,29.1831,78.4845,rabi,319.91,266.13,lentil
40,61,22,20.94981756,65.8108757,7.002216044,44.23913012,100,13.5171,76.5608,rabi,3891.66,3044.03,lentil
10,70,19,24.84918386,68.98088448,7.272427638,41.61080544,51.85,25.4005,80.8273,rabi,633.33,485.59,lentil
12,80,19,21.91041045,65.21662467,5.962001484,36.10211371,44.9,25.126,81.2104,rabi,406.92,349.18,lentil
37,77,20,25.93381964,68.70533022,7.080506001,51.02372773,45.69,26.4173,85.0319,rabi,430.94,346.53,lentil
0,67,22,29.82112112,69.4073209,6.593798387,51.56461082,48.32,29.437,73.7326,kharif,423.69,527.02,lentil
7,73,25,27.52185591,63.13215259,7.28805662,45.20841071,40.57,31.5797,87.4241,rabi,281.44,242.16,lentil
10,56,18,27.99627907,68.6428593,7.32710972,46.10585191,39.76,25.2933,75.5911,rabi,261.67,177.5,lentil
39,70,15,20.76774783,63.90164154,6.366355781,47.9271552,70.88,15.9167,73.9033,rabi,1310.82,885.14,lentil
26,56,22,23.05276444,60.424786,7.011121216,52.60285259,97.17,11.964,71.3652,rabi,2130.32,1567.88,lentil
9,77,17,21.65845777,63.58337146,6.280725549,38.07659414,45.84,30.421,71.0276,rabi,446.4,370.04,lentil
4,59,19,26.25070298,67.62779652,7.621494566,40.8106299,60.37,20.7855,68.5114,rabi,905.21,700.49,lentil
34,73,15,20.97195263,63.83179889,7.630424083,53.10207889,100,12.0972,71.4591,rabi,2851.43,2401.61,lentil
33,77,15,23.89736406,66.32102048,7.802212437,40.74536757,73.63,22.4995,84.037,rabi,1357.82,989.61,lentil
2,24,38,24.55981624,91.63536236,5.922935513,111.9684622,58.68,27.8871,74.7568,monsoon,616.81,811.97,pomegranate
6,18,37,19.65690085,89.93701023,5.937649578,108.0458926,99.18,15.6273,74.1639,monsoon,1544.45,2286.39,pomegranate
8,26,36,18.78359608,87.4024767,6.804781106,102.5184759,68.88,16.188,82.4842,monsoon,834.63,1230.02,pomegranate
37,18,39,24.1469628,94.5110662,6.424670614,110.2316633,78.71,19.152,76.7077,monsoon,1097.82,1486.86,pomegranate
0,27,38,22.44581266,89.90147027,6.738016221,109.3905998,67.84,16.8995,69.5931,monsoon,878.31,1085.34,pomegranate
31,25,38,24.96273236,92.40501423,6.497366677,109.4169192,72.65,23.6006,84.6282,monsoon,987.9,1243.39,pomegranate
21,21,38,22.5526059,89.3259486,6.327673765,104.8955643,43.97,27.7108,82.4055,monsoon,245.31,342.05,pomegranate
6,30,40,22.77035608,91.45498527,6.36137446,106.9659201,81.29,19.3086,74.3739,monsoon,1167.73,1585.71,pomegranate
25,27,41,19.20090378,94.27659596,6.923509371,108.0423555,77.54,18.6044,75.603,monsoon,1056.74,1465.36,pomegranate
15,11,38,23.12808226,92.68328358,6.630646083,109.3930157,100,9.227,86.9836,monsoon,2256.48,2903.85,pomegranate
14,5,36,24.92639065,85.19098079,5.832525853,104.7693804,76.42,21.4598,75.6516,monsoon,1032.89,1482.63,pomegranate
16,10,41,24.77464458,85.63608688,6.738993954,105.7595811,74.97,17.7226,79.9242,monsoon,1088.73,1308.83,pomegranate
36,7,37,19.8671184,86.35590206,5.782435567,108.3168858,100,13.4325,85.8762,monsoon,3855.01,4905.73,pomegranate
4,20,41,24.26601316,93.7974061,6.537042717,104.5375109,53.65,28.7585,69.1875,monsoon,464.23,665.42,pomegranate
29,22,40,23.62600218,89.73266695,6.145104401,107.6836871,100,9.0673,68.2718,monsoon,2758.78,3607.05,pomegranate
16,15,42,19.67832052,89.08935702,6.890784045,108.5468633,100,10.6156,78.6956,monsoon,2732.26,3460.07,pomegranate
18,27,41,22.36509395,92.30882391,7.175344328,104.8216333,100,8.6404,74.5392,monsoon,2748.14,4074.43,pomegranate
11,18,42,21.57936934,94.88267728,5.938528744,102.8593382,53.91,31.5989,75.1372,monsoon,486.27,646.58,pomegranate
5,15,38,18.26233221,88.16779129,5.709380472,108.0756727,76.22,17.06,73.6698,monsoon,1115.97,1339.11,pomegranate
18,23,44,23.71028128,89.61794165,6.184400085,105.6499907,44.23,26.7949,86.9866,monsoon,257.62,341.24,pomegranate
9,8,40,22.48720144,89.9224883,6.553509673,111.6631582,100,9.7572,79.7272,monsoon,4179.98,6059.54,pomegranate
40,27,45,21.6602498,94.79397419,5.885638185,112.4349689,100,13.9712,71.9916,monsoon,2613.48,3782.46,pomegranate
22,23,44,20.13037175,89.31505137,6.143874691,107.3416913,100,10.3745,74.558,monsoon,2297.14,3257.64,pomegranate
9,16,39,18.41164435,91.11927248,6.101198974,105.1834976,100,12.2581,76.4586,monsoon,4456.7,6031.26,pomegranate
12,29,40,19.68291173,89.75272999,6.594037135,111.2818551,52.9,28.3738,82.2658,monsoon,470.25,634.96,pomegranate
0,17,42,23.20242586,91.19442671,6.859840821,109.0946323,65.76,20.6683,84.0336,monsoon,771.79,1080.31,pomegranate
2,21,44,18.92157197,87.31290342,6.56893406,102.8013275,79.1,22.0637,74.7049,monsoon,1173.97,1459.57,pomegranate
28,6,40,22.10621387,91.34039616,6.769855664,106.8704803,66.84,15.4699,68.2984,monsoon,839.47,1061.38,pomegranate
8,23,44,18.47412402,89.68919664,7.130837931,108.4758509,45.62,31.1393,79.5197,monsoon,290.37,389.65,pomegranate
29,16,36,19.81069447,88.92944254,5.740338002,102.860084,100,10.9828,81.7505,monsoon,1926.74,2594.56,pomegranate
17,18,43,24.4880844,90.83687246,5.843005428,103.1969341,41.44,30.5006,84.9497,monsoon,184.43,244.81,pomegranate
34,21,42,18.75927679,89.93457597,6.648687274,111.0196744,100,12.43,81.5566,monsoon,2579.63,3816.92,pomegranate
21,23,42,19.54128063,90.29751796,6.902751061,104.3739878,43.38,31.572,68.362,monsoon,240.32,303.19,pomegranate
25,17,40,18.91251245,87.74938524,6.608023872,111.2800516,48.6,26.0513,86.5451,monsoon,349.62,522.1,pomegranate
8,25,36,19.91330523,94.95031368,6.828522375,104.0277061,100,11.8901,72.2153,monsoon,2105.45,2992.74,pomegranate
26,18,42,19.72620525,89.64934166,6.910374919,108.2287276,45.17,25.7441,79.3279,monsoon,281.45,372.02,pomegranate
4,19,42,23.83185873,87.84034604,6.306605528,111.2232716,79.49,15.2254,83.2135,monsoon,1209.18,1434.59,pomegranate
36,24,41,24.94467632,94.25702672,7.009180374,103.8799347,42.06,26.84,73.5363,monsoon,195.27,248.75,pomegranate
5,24,40,24.692258,93.87030088,6.297907579,104.6735454,80.18,15.7834,87.5638,monsoon,1098.48,1588.17,pomegranate
19,17,39,24.72485577,85.56083187,6.728599215,111.2787584,65.66,21.6629,70.5223,monsoon,786.24,1092.14,pomegranate
39,30,38,20.12644921,87.59629625,6.965156738,108.065579,66.59,23.432,79.1964,monsoon,799.91,1122.3,pomegranate
5,29,44,21.02432943,93.0569505,5.578095745,104.7847006,80.64,20.2019,84.7822,monsoon,1144.03,1563.69,pomegranate
4,24,43,22.40423537,88.1508343,7.199504273,109.8695196,100,8.9886,71.5749,monsoon,2035.65,2503.25,pomegranate
38,21,35,20.33691147,89.38003827,5.841367187,110.9653137,100,14.9531,76.0667,monsoon,3059.46,3751.09,pomegranate
37,11,36,24.24779615,85.56033312,6.710143266,106.9216033,100,14.4231,76.9264,monsoon,2013.43,2380.84,pomegranate
9,25,41,24.81530144,91.90842992,5.972714857,109.2853418,50.78,24.4496,72.2007,monsoon,396.62,577.16,pomegranate
29,22,43,19.66329768,87.95158129,5.561851831,106.0380805,83.93,21.3237,85.9016,monsoon,1321.59,1580.06,pomegranate
5,21,38,22.43377991,90.3396556,6.107054808,112.459697,77.09,18.2314,76.4921,monsoon,1041.4,1481.9,pomegranate
22,26,38,22.92052307,85.12912161,6.988035315,110.2437841,100,10.9605,87.6792,monsoon,1924.28,2602.96,pomegranate
4,18,37,22.91843172,85.40695044,7.13147457,106.2817706,50.42,25.1688,72.5272,monsoon,416,570.75,pomegranate
21,6,41,24.88244467,89.39686219,7.086947687,107.1951707,100,12.4055,75.4892,monsoon,3236.72,4727.28,pomegranate
29,21,45,23.40981539,93.13277,6.749260456,105.2240743,48.56,25.3192,68.2137,monsoon,373.83,451.28,pomegranate
23,5,44,21.20725375,94.26304717,7.16300467,107.5660804,57.83,29.5076,80.067,monsoon,554.39,821.24,pomegranate
13,7,43,18.20230419,91.12282162,7.013481515,109.6623974,100,9.3573,72.3513,monsoon,4088.26,5298.94,pomegranate
5,13,37,22.34375696,89.7870345,5.648243649,103.3183074,65.55,20.4545,81.5791,monsoon,745.32,1110.9,pomegranate
27,24,41,24.32770134,90.88292835,6.610251186,110.4606459,46.16,31.7734,78.3991,monsoon,298.64,406.63,pomegranate
7,23,35,19.75088482,88.71691157,7.054313823,102.5538035,100,10.82,76.9164,monsoon,3084.62,4338.22,pomegranate
12,20,39,19.86173586,86.19740917,6.026999326,111.0217929,100,13.5236,87.5952,monsoon,2447.43,3403.06,pomegranate
4,19,43,18.07132963,93.14554876,5.779427402,106.3602023,59.58,31.4207,78.8541,monsoon,609.65,871.73,pomegranate
3,9,45,23.89162561,89.61850203,6.535244251,104.617522,100,10.1799,73.3987,monsoon,2239.62,3044.48,pomegranate
1,27,36,23.98598756,93.34236582,5.684995235,104.991282,100,10.4498,73.235,monsoon,2822.18,3877.8,pomegranate
23,30,44,20.93892916,85.42912869,6.12476108,103.0295938,100,12.3613,71.8765,monsoon,3169.11,4279.32,pomegranate
24,21,42,20.82210727,87.22815682,6.999014379,109.4429934,48.44,30.2454,83.7365,monsoon,371.94,485.52,pomegranate
13,30,37,20.86474944,91.61793636,6.277148771,106.8685636,54.4,29.5553,81.1315,monsoon,477.19,712.73,pomegranate
40,11,44,24.45840036,86.10874614,6.322396027,111.3779693,90.79,18.965,84.8271,monsoon,1450.94,1877.25,pomegranate
21,9,40,24.51147697,90.64498715,5.956401828,105.6209954,100,14.9921,81.7782,monsoon,4246.66,6179.04,pomegranate
3,27,44,24.56811204,92.03009222,6.591302797,110.9633894,51.14,31.652,83.1756,monsoon,426.37,560.97,pomegranate
40,29,42,24.63228709,89.01574455,7.104094929,110.6956184,100,12.5943,77.5104,monsoon,3549.66,4346.6,pomegranate
14,25,40,20.07386547,90.97819712,6.407872061,103.7084055,85.11,16.8671,87.9059,monsoon,1205.03,1794.43,pomegranate
38,14,37,21.80523051,94.63612858,6.658402594,102.6488846,100,13.1669,75.1429,monsoon,2258.2,2661.51,pomegranate
34,9,36,22.8122645,86.34233767,6.276038961,110.4432293,70.36,20.4187,75.9768,monsoon,907.41,1238.81,pomegranate
32,14,37,22.73031253,88.48567856,6.825256236,104.6843243,100,11.5007,76.1611,monsoon,2209.99,3048.4,pomegranate
18,21,35,23.2801227,94.94330457,6.368560522,111.1382096,49.7,31.76,73.8825,monsoon,370.91,518.85,pomegranate
8,23,38,19.30106297,87.1775172,7.005410734,105.4766591,63.61,18.3105,80.8783,monsoon,781.69,950.58,pomegranate
15,6,41,19.0087067,88.83768149,6.897368477,108.6793978,55.91,24.6334,77.7488,monsoon,529.85,762.06,pomegranate
0,5,36,24.35193812,90.88612388,6.152906502,105.529185,93.34,20.0422,79.7227,monsoon,1499.86,1950.45,pomegranate
22,9,44,24.72235539,88.87651295,5.744361602,112.1926517,46.68,26.0166,78.9856,monsoon,320.81,425.14,pomegranate
14,8,43,21.92513945,94.46485312,7.051654924,111.7162016,59.88,27.1222,86.6317,monsoon,645.81,834.56,pomegranate
31,11,45,24.83954414,86.88738076,6.034612928,107.6435771,44.24,27.3863,78.9388,monsoon,279.62,330.37,pomegranate
39,17,45,18.09691127,90.42177379,6.924490731,104.88189,100,10.5927,87.0058,monsoon,3312.65,4878.49,pomegranate
10,5,42,20.24104904,91.08706822,6.887005997,109.2537734,80.51,22.3045,77.2041,monsoon,1186.21,1511.48,pomegranate
8,28,38,23.22594,94.42971362,6.8444019,105.6917856,57.9,28.779,79.701,monsoon,557.08,820.85,pomegranate
32,13,42,23.50128217,92.97527546,5.786058032,106.61905,77.52,21.1041,72.5649,monsoon,1083.42,1436.94,pomegranate
18,9,40,19.44623085,89.02127045,5.627186257,106.1606833,79.99,22.1405,71.1105,monsoon,1146.1,1544.12,pomegranate
20,27,41,20.51343484,92.51675903,5.700088663,110.5764023,53.51,29.9639,76.6745,monsoon,454.45,677.76,pomegranate
39,25,36,18.90223032,94.99897537,5.567805185,107.6103211,42.23,28.9626,84.9871,monsoon,191.09,260.33,pomegranate
20,7,45,18.90592319,89.24126808,6.077886012,112.4750941,100,14.6251,70.675,monsoon,3174.95,3801.35,pomegranate
11,10,45,22.63045168,88.45577158,6.397995609,109.0357597,71.59,21.2331,76.3281,monsoon,917.06,1293.66,pomegranate
40,18,43,19.38603815,86.79058496,5.767372539,109.9130984,53.09,30.2014,74.5778,monsoon,463.52,675.92,pomegranate
3,26,39,24.38318965,91.19431555,7.079973241,103.6012114,71.87,23.3741,74.2692,monsoon,940.55,1262.81,pomegranate
9,16,36,23.77989026,92.93386903,5.893332378,106.977723,66.1,22.6992,71.8567,monsoon,843.43,995.61,pomegranate
30,20,38,22.59890174,93.16343942,7.058222596,110.0932899,100,9.0282,73.9541,monsoon,3214.73,4803.21,pomegranate
40,9,41,24.37766782,85.4017118,5.78270695,106.128338,47.01,29.3884,79.0992,monsoon,352.42,428.25,pomegranate
40,30,35,20.89273273,91.07776977,6.269663963,104.4407083,72.26,15.3921,70.0874,monsoon,922.13,1313.96,pomegranate
32,25,35,18.09903225,85.70786282,5.892913826,107.0050976,45.64,29.1782,80.1273,monsoon,318.91,379.43,pomegranate
33,23,45,20.00218987,85.83618191,7.116538883,112.337046,100,10.165,71.8921,monsoon,1877,2371.8,pomegranate
4,14,41,19.85139326,89.80732335,6.430163481,102.8186358,100,11.5634,69.6072,monsoon,2477.77,3242.87,pomegranate
13,17,45,21.25433607,92.65058936,7.159520979,106.2784673,100,8.1053,85.6502,monsoon,3104.14,4467.23,pomegranate
39,24,39,23.65374106,93.32657504,6.431265737,109.8076178,100,10.2849,71.6887,monsoon,2366.69,3432.9,pomegranate
8,28,37,23.88404783,86.20613842,6.082571701,108.3121789,58.41,29.4791,78.7966,monsoon,603.47,847.84,pomegranate
91,94,46,29.36792366,76.24900101,6.149934034,92.82840911,48.26,27.7294,83.5471,kharif,403.25,504.79,banana
105,95,50,27.33368994,83.67675197,5.849076099,101.0494791,100,12.2476,86.3978,monsoon,3009.38,4391.42,banana
108,92,53,27.40053601,82.96221306,6.276800323,104.9378,43.53,31.7359,83.2737,monsoon,248.47,350.81,banana
86,76,54,29.3159075,80.11585705,5.926824754,90.10978128,45.95,27.5056,78.743,kharif,352.83,392.26,banana
80,77,49,26.05433004,79.39654531,5.519088423,113.2297373,75.55,23.2849,87.5724,monsoon,1072.16,1411.08,banana
93,94,53,25.86632408,84.42379269,6.079178788,114.5357503,81.25,17.8412,80.5992,monsoon,1204.44,1581.26,banana
90,92,55,27.00932084,80.18546798,6.13465588,97.32531705,51.2,30.7352,84.7924,rabi,589.54,425.89,banana
108,89,53,29.55054817,78.06762846,5.808497604,99.34482238,81.9,16.4992,81.7227,kharif,1329.03,1500.54,banana
108,88,55,26.28845991,83.390039,5.891458107,113.8729798,57.32,19.7643,75.466,monsoon,622.38,769.2,banana
105,77,52,29.16226551,76.16151562,5.816622479,100.0075679,100,10.6065,83.937,monsoon,3866.37,4743.37,banana
118,88,52,28.65003945,82.68752542,5.843163161,98.75084366,47.31,27.9134,82.8866,kharif,368.89,444.05,banana
101,87,54,29.07311132,76.50045221,6.376756633,100.1692639,81.81,18.0184,72.683,monsoon,1183.69,1699.39,banana
95,75,50,28.08166093,75.26429821,5.623615687,118.2761894,100,9.3456,80.9521,monsoon,2159.89,2570.37,banana
106,85,53,27.1994597,78.8086068,5.91505509,99.72430835,100,8.4518,77.8188,rabi,2395.82,1636.37,banana
86,95,49,28.05484146,78.04602887,6.458714879,108.3957179,88.18,17.8018,74.5385,monsoon,1428.82,1786.55,banana
83,79,55,25.14748006,83.34688193,5.565028635,98.66679427,48,26.3939,82.6122,rabi,453.38,372.92,banana
85,95,47,25.94019018,78.3422098,6.211833161,119.84797,100,14.6946,82.8625,monsoon,2622.9,3490.7,banana
109,79,45,27.66752761,79.68542782,6.490074429,108.66464,100,8.3258,68.4403,monsoon,3028.12,3957.17,banana
100,76,45,25.56703012,75.94067692,5.590236025,102.7867717,45.61,28.9957,81.4938,monsoon,309.36,455.5,banana
117,86,48,28.6956201,82.54195839,6.225225239,116.1616839,100,14.2017,75.5392,monsoon,3294.83,4192.15,banana
114,94,53,26.33544853,76.8532006,6.190757459,118.6858263,100,14.5295,78.6132,monsoon,2816.59,3379.58,banana
110,78,50,25.93730186,78.89864446,5.915568968,98.21747528,100,10.8706,85.1479,rabi,3725.77,2731.01,banana
94,70,48,25.13686519,84.88394407,6.195152442,91.46442491,56.27,19.0131,79.0953,rabi,723.92,553.51,banana
80,71,47,27.50527651,80.79783998,6.156373499,105.0776992,100,12.7029,76.3545,monsoon,3980,5610.67,banana
114,79,51,26.21009246,82.34429458,6.313197204,112.0700033,66.1,19.6137,80.411,monsoon,858.43,1046.49,banana
88,78,45,29.10403455,79.19588629,6.324270089,92.07835761,78.87,18.6669,82.3168,kharif,1258.25,1385.58,banana
112,73,48,29.2440638,77.32017166,5.707488987,90.66727868,41.36,27.8515,75.4632,kharif,232.55,264.93,banana
117,76,47,25.56202173,77.38229006,6.119216009,93.10247183,46.29,31.8456,71.6961,rabi,448.26,305.71,banana
111,87,48,26.3985515,81.36028902,5.571401169,98.16752001,54.61,17.1598,80.7276,rabi,694.25,505.64,banana
89,83,47,28.09577643,77.79586769,5.63127166,109.5408614,100,13.9774,79.0673,monsoon,3652.21,5454.28,banana
93,91,47,27.84767901,83.31110751,6.101241579,117.2878912,100,14.8229,73.2438,monsoon,2434.51,3267.37,banana
92,81,52,27.39341554,81.4654833,6.438137279,94.31102057,100,13.0864,87.3422,rabi,3310.65,2823.76,banana
105,74,45,25.14517635,81.38204104,6.098369122,119.218154,52.01,31.1361,83.2246,monsoon,499.36,592.18,banana
102,71,48,28.65456263,79.28693687,5.695267822,102.4633775,86.11,20.2043,74.7945,monsoon,1301.63,1809.89,banana
94,91,51,29.16093424,76.67484233,5.618094446,109.575944,65.2,19.2127,76.1124,monsoon,844.97,1041.93,banana
116,71,47,27.57278064,82.0638878,6.435785799,91.34276507,46.31,27.3592,68.5204,rabi,431.4,298.26,banana
117,79,49,25.40909896,82.36208097,6.176644228,112.9794804,86.6,18.9629,84.9261,monsoon,1380.53,1716.6,banana
119,72,55,25.99069521,83.33983116,6.220643671,112.0777152,77.17,19.1139,76.7662,monsoon,1113.93,1437.36,banana
99,73,53,26.29039046,81.06003778,5.871702211,118.6730366,41.66,29.47,75.9614,monsoon,226.49,268.59,banana
91,84,52,29.14827211,78.71024836,6.390741836,117.536781,100,14.6177,85.8384,monsoon,2465.25,3583.78,banana
80,90,47,26.59743595,79.35898915,6.21084479,107.3944717,100,9.956,79.3955,monsoon,2630.49,3171.9,banana
101,70,48,25.36059237,75.03193255,6.012696655,116.5531455,55.48,29.039,84.0529,monsoon,548.9,799.91,banana
108,89,53,29.12036889,80.18080728,5.908770059,112.3982055,47.75,28.312,86.1538,monsoon,372.03,485.85,banana
100,80,52,27.53911354,77.25629897,6.049801781,110.3262123,70.43,21.0184,84.8252,monsoon,930.12,1273.25,banana
109,91,53,29.66727337,83.51014178,6.010095853,110.2511102,76.8,19.8298,75.7104,monsoon,1084.02,1451.46,banana
82,78,46,25.05802193,84.97323747,5.738678895,110.4408803,66.83,17.259,70.9144,monsoon,799.79,1155.59,banana
106,70,55,25.86824781,78.52399914,5.74055541,116.3019555,100,10.6286,69.6,monsoon,3598.25,5124.81,banana
90,86,52,25.85036988,81.95580471,5.793260262,119.0856171,52.44,24.9767,85.6654,monsoon,471.61,654.3,banana
83,95,50,26.51682337,77.79913575,5.50947065,108.8547508,100,8.3425,77.4348,monsoon,3726.24,4759.26,banana
119,90,48,28.66725136,79.59242542,5.986442306,118.2583441,64.93,21.6192,78.5827,monsoon,843.32,1007.13,banana
107,72,45,28.14938935,81.54448882,5.790768046,91.40508414,100,11.146,68.4745,kharif,3252.75,3780.81,banana
116,81,55,26.42313317,83.6995044,5.915546415,95.12322062,69.38,19.1146,73.6608,rabi,1108.35,922.84,banana
101,75,50,26.59386409,81.40740301,6.242528278,109.9825551,42.24,25.2915,72.5635,monsoon,241.25,284.78,banana
93,81,50,27.71822477,76.57853189,6.036079266,102.2099836,51.49,27.6339,76.7484,monsoon,497.52,592.24,banana
95,75,45,28.98333432,82.95958244,5.829898502,109.022564,100,11.071,82.866,monsoon,3497.49,4122.97,banana
107,71,55,29.42017919,83.96754496,6.088064451,117.229079,83.54,23.6893,79.7272,monsoon,1283.2,1631.8,banana
83,94,47,27.39872329,81.10523402,6.469370954,112.1355384,60.77,16.0815,76.4437,monsoon,716.25,888.73,banana
102,73,54,26.4020227,84.41007614,5.720726906,111.0162259,46.66,28.8238,69.4969,monsoon,348.62,416.42,banana
86,79,45,27.81251452,82.69285419,5.80766417,99.20961514,66.6,19.1028,87.0981,rabi,1069.94,795.23,banana
117,86,53,25.19640218,83.55829874,5.703381728,115.8586081,43.3,28.0155,82.4697,monsoon,238.19,345.05,banana
111,79,53,28.31193338,75.77363772,6.165001278,119.695765,70.48,20.2876,78.8267,monsoon,910.09,1313.36,banana
95,74,50,25.90113128,80.47152737,6.002481605,110.10323,77.11,18.8417,76.7921,monsoon,1093.03,1480.15,banana
91,75,55,27.48612983,76.11239849,6.212369363,109.2768851,52.15,24.4688,70.7522,monsoon,517.17,613.19,banana
93,83,46,29.38254012,83.50423735,5.765308943,109.2486647,48.61,25.6995,73.1585,monsoon,375.14,516.95,banana
92,85,51,29.22118628,81.08183635,5.740764682,108.8616474,100,11.9666,75.7427,monsoon,3291.61,3914.29,banana
104,80,54,27.09062164,81.33506906,5.879119455,110.1331182,51.49,28.0944,79.572,monsoon,488.24,573.11,banana
103,72,51,26.12643374,81.81365007,6.099478745,104.4812858,83.33,16.6017,80.96,monsoon,1221.24,1714.63,banana
92,75,45,29.01207743,77.95192527,5.674403359,90.43495443,100,12.535,75.0193,kharif,3088.19,3654.56,banana
93,85,49,27.96799119,79.28625709,5.694243847,119.4765557,100,11.5297,84.3409,monsoon,2845.29,3514.97,banana
120,87,52,28.0764455,76.05522115,5.905494703,118.9923573,56.62,27.6212,82.769,monsoon,585.83,820.13,banana
108,72,46,25.16278237,84.97849241,6.110844721,90.94554618,49.43,27.9331,70.0203,rabi,498.64,397.38,banana
105,88,54,25.78749808,84.51194224,6.020445317,114.2005455,100,10.1477,80.2331,monsoon,2171.93,2899.97,banana
98,79,50,25.34119774,84.47321314,6.435917308,91.06493353,43.2,27.3932,85.6512,rabi,315.66,229.6,banana
111,88,55,29.44795403,78.34971537,5.505393833,96.45042585,74.27,18.0125,75.8957,kharif,1089.94,1309.26,banana
97,74,45,26.47522633,78.51833782,5.677719902,113.1161095,92.51,22.6323,79.4277,monsoon,1442.28,2054.11,banana
95,82,48,27.39489579,83.31172003,5.719014989,92.78133617,48.29,31.1202,73.6927,rabi,456.18,388.85,banana
89,91,55,25.08347445,80.261731,6.275572298,94.32961456,100,11.8885,84.0399,rabi,3730.43,2862.14,banana
89,85,55,26.6719835,76.48541655,6.275384607,91.73358569,47.13,29.8324,69.7812,rabi,464.4,346.4,banana
118,88,51,25.44926208,79.49221962,6.201911642,100.6619171,49.9,26.3874,81.8875,monsoon,438.14,545.8,banana
101,92,45,28.22776705,80.6430384,5.758054257,98.00403016,52.34,28.4093,70.1855,kharif,527.43,581.83,banana
99,92,47,28.1279509,77.48247073,6.323933647,103.5045395,60.01,25.9245,84.1532,monsoon,653.86,945.35,banana
82,77,46,28.9470467,82.1888998,5.901100841,95.83016448,100,9.8334,85.586,kharif,2166.55,2623.32,banana
90,86,55,27.96236771,84.15403614,5.644486582,97.55986676,50.26,31.1365,87.8807,rabi,538.19,405.57,banana
95,88,52,28.00316034,78.90085998,6.235461772,94.68180316,51.13,28.8262,77.9974,kharif,468.1,591.56,banana
104,73,46,29.1400919,80.1190228,6.28236237,90.45142867,69.59,19.9675,74.6382,kharif,1024.91,1071.71,banana
102,73,52,27.9122104,83.36307683,6.356090905,90.24211529,63.63,20.9475,79.9724,rabi,981.74,710.39,banana
100,74,52,25.43480512,81.53977797,5.837258235,96.47800391,62.31,22.0905,73.3471,rabi,958.62,665.31,banana
94,89,48,28.55980972,84.51602322,5.653437902,111.0843029,100,8.5529,68.7656,monsoon,3023.19,4316.14,banana
99,70,46,26.59580783,82.99556744,5.727469947,100.5123341,92.56,15.8242,70.8177,monsoon,1462.17,2001.02,banana
112,87,48,27.19711623,77.3970629,6.200111068,99.46950465,100,14.314,85.0195,rabi,2561.33,2181.15,banana
117,82,45,25.29391516,79.29122198,5.614471478,105.4220251,100,10.7146,85.65,monsoon,2726.04,3349.46,banana
96,86,51,29.90888522,76.98740841,6.257369799,91.99964712,47.63,30.109,79.019,kharif,392.56,472.21,banana
113,85,45,27.94972463,76.63713353,6.037430836,109.0921631,44.69,30.5979,68.1678,monsoon,287.75,417.95,banana
105,93,46,25.01018457,78.76260938,5.760457558,108.3690513,100,13.6024,71.5708,monsoon,2410.84,2878.52,banana
85,89,51,29.21144871,84.70189923,6.158164422,108.5501443,49.27,28.3271,76.1687,monsoon,420.72,492.26,banana
108,94,47,27.35911627,84.54625006,6.387431383,90.81250457,54.68,31.9103,87.1242,rabi,672.36,518.79,banana
92,81,52,28.0106804,76.52808057,5.891413895,103.7040783,49.76,29.7438,87.6574,monsoon,442.27,550.46,banana
110,71,54,28.67208915,82.20793613,5.725418961,94.37987496,100,12.9519,77.1645,kharif,2216.74,2463.67,banana
82,75,55,27.34585147,78.4873835,6.281069505,92.15524332,64.27,21.0019,80.356,rabi,995.61,767.58,banana
117,81,53,29.50704598,78.20585613,5.507641778,98.12565829,44.42,26.4231,71.514,kharif,327.38,336.92,banana
2,40,27,29.73770045,47.54885174,5.954626604,90.09586854,55.33,18.347,80.4787,kharif,724.74,738.42,mango
39,24,31,33.55695561,53.72979826,4.757114897,98.67527561,43.39,29.1288,84.2775,summer,462.99,250.29,mango
21,26,27,27.00315545,47.67525434,5.699586972,95.85118326,66.54,15.7653,74.6978,rabi,1168.77,892.9,mango
25,22,25,33.56150184,45.53556603,5.977413803,95.70525913,65.25,21.6625,83.711,summer,1313.66,627.98,mango
0,21,32,35.89855625,54.25964196,6.430139436,92.19721736,39.63,25.6015,78.325,summer,342.18,157.26,mango
20,19,35,34.17719782,50.62161586,6.113935087,98.00687989,68.34,18.9134,69.752,summer,1357.3,742.22,mango
19,21,34,30.01592643,53.19212381,5.074272692,97.72843182,43.05,27.362,85.5603,kharif,331.28,407.18,mango
18,17,31,31.74592134,45.16127859,5.667507706,93.75441586,73.43,22.2446,75.0406,kharif,1225.16,1294.15,mango
11,36,33,35.99009679,52.22780489,5.978634285,95.3713484,64.32,16.6423,87.2091,summer,1231.28,631.51,mango
30,28,30,31.86641378,52.19331595,5.064613314,98.46768642,56.24,15.2914,77.5943,kharif,702.96,797.45,mango
18,19,27,27.75518664,52.34605806,4.772385986,94.11213345,72,20.5237,78.0376,rabi,1298.88,1052.6,mango
23,23,27,34.72413192,51.4271781,5.161148592,97.31258083,48.05,28.5693,76.5099,summer,632.43,350.41,mango
37,30,34,27.53907547,53.63549533,6.797779227,99.35408185,95.31,13.8027,81.5002,rabi,2052.82,1592.46,mango
11,27,30,27.69637763,48.5622488,6.39474303,89.85646496,100,8.362,83.0512,rabi,3748.86,3146.19,mango
12,19,31,27.25373364,52.66319725,5.566704378,91.87312479,100,8.4611,85.8149,rabi,3471.03,2748.31,mango
3,28,33,30.33723921,48.88704844,5.755049971,94.42850522,100,8.9738,83.2378,kharif,3358.14,3612.5,mango
37,38,32,31.85744939,45.53106268,5.417340525,91.55845821,49.17,29.1992,84.5163,kharif,508.28,630.28,mango
26,37,30,35.39986338,49.45962621,6.166173834,97.41054011,100,11.929,86.7442,summer,3774.78,2138.21,mango
14,18,30,29.80747243,52.13797867,5.191265116,95.74606104,68.57,18.0266,77.4198,kharif,988.95,1238.38,mango
40,16,35,34.16438906,54.16482251,4.954739564,98.33351125,40.65,25.6467,87.4871,summer,371.66,186.56,mango
4,20,25,28.93270187,47.94053996,5.664587011,99.9834242,62.01,16.7672,70.8507,kharif,886.1,966.2,mango
36,25,33,27.98392787,53.33018851,5.548584852,99.61465679,100,11.4949,79.3533,rabi,4299.37,3703.92,mango
30,17,31,31.20478173,54.49960506,6.804437106,94.62954663,41.13,24.4624,83.9034,kharif,282.16,335.65,mango
28,37,28,32.13409675,50.52559148,6.097869767,98.63333684,100,13.503,79.3345,summer,3122.16,1543.85,mango
38,15,30,28.91862016,48.13974548,5.075504537,97.01331604,100,14.8149,73.9514,kharif,2439.61,2888.58,mango
12,37,30,31.09779147,47.41196659,4.546466109,90.28624348,47.95,29.4412,79.5665,kharif,518.74,522.05,mango
38,19,31,34.73823882,49.08864345,5.855119268,90.65022183,60.23,18.4746,72.698,summer,1070.58,593.95,mango
8,33,29,29.98080499,49.48613279,6.442393461,91.82271568,48.7,29.6061,78.8123,kharif,514.4,564.48,mango
15,27,28,33.80398664,46.12866113,4.507523551,90.82549241,60.14,17.6108,83.5845,summer,1111.9,552.65,mango
34,16,25,30.07202564,50.96040505,6.10729559,92.09609766,73.93,21.325,70.8999,kharif,1146.15,1393.83,mango
11,36,31,27.92063282,51.77965917,6.47544932,100.2585673,43.41,29.8458,86.5892,monsoon,330.36,441.91,mango
33,29,34,31.40948821,49.21729127,6.832979509,92.99739415,61.13,17.7199,81.5585,kharif,891.42,892.21,mango
12,31,26,35.7877738,51.94190321,5.395275719,100.2160615,88.5,19.9074,70.8213,monsoon,1489.92,1900.76,mango
12,34,28,33.36140093,45.02236377,6.13526938,98.81596545,54.81,17.3813,80.8276,summer,900.25,486.79,mango
5,16,31,35.96054636,48.69677802,4.555688532,98.00644238,40.84,28.5097,77.4011,summer,388.25,213.43,mango
1,30,29,28.33333307,51.39586505,6.434197756,91.67241761,65.14,18.7258,77.0274,kharif,957.25,1057.06,mango
16,35,31,32.27652024,50.19368841,5.316875978,95.99487068,71.83,15.7943,68.6678,summer,1533.52,742.81,mango
35,18,26,31.99490489,50.84881347,5.279388967,97.38741498,100,12.5366,78.9998,kharif,4167.17,4552.03,mango
4,40,26,27.58258929,48.56916221,6.720041791,95.8445641,44.96,25.1296,76.7692,rabi,473.59,375.57,mango
9,29,34,29.38471637,45.88744691,5.72742254,100.8124659,62.22,15.8265,79.014,monsoon,859.4,1029.42,mango
2,38,33,32.38697531,53.2328243,4.691396195,90.21633216,60.56,20.8904,72.422,summer,1080.64,575.05,mango
26,32,32,30.91471455,49.92963856,6.810186079,90.14047759,44.98,29.6721,79.4987,kharif,427.89,428.72,mango
34,38,31,35.37775595,45.58110023,6.454045329,97.41586402,100,13.0342,80.2408,summer,4227.88,2211.21,mango
5,32,33,32.32362177,52.5896771,5.842763773,93.36718816,62.9,17.9915,70.1107,summer,1199.28,576.75,mango
31,29,26,28.22373428,47.40519056,5.024124684,97.76832322,100,11.2267,80.0218,kharif,3806.18,4786.46,mango
34,34,35,27.27433181,47.16808054,6.422710539,95.257992,53.42,16.0641,70.4299,rabi,730.67,605.79,mango
36,19,32,27.10710832,50.70880979,4.94295037,92.37238878,100,13.8212,69.1507,rabi,2922.26,2420.31,mango
7,17,26,34.89226666,48.75613373,6.414526606,91.63074547,100,8.5271,83.8386,summer,3511.13,1990.91,mango
38,15,27,33.7462686,48.50387598,6.777788126,92.26439205,39.3,25.0721,73.083,summer,339.65,177.03,mango
5,19,25,27.3511056,54.43945147,6.441328044,96.27792547,64.38,22.9814,85.9582,rabi,1102.51,792.09,mango
37,36,26,32.89300162,52.61323969,4.650536197,94.49161372,97.09,13.4006,73.1601,summer,2412.72,1238.61,mango
21,31,32,35.38598705,51.42664176,5.254532213,90.29643888,40.11,29.6004,74.5436,summer,349.86,197.86,mango
37,36,27,27.5529736,47.90859131,5.910634533,90.40332704,100,11.7797,77.5701,rabi,3496.24,2773.2,mango
23,23,30,32.82141065,47.45553843,4.755273631,90.89173106,71.39,16.2822,87.7029,summer,1499.55,776.62,mango
36,26,26,30.17294105,51.0845903,6.814630246,95.23444287,100,8.9089,84.9648,kharif,3450.68,3953.87,mango
24,33,35,29.26382931,54.82257868,5.342866119,100.7586226,68.58,15.0584,84.8934,monsoon,913.61,1321.68,mango
26,18,30,32.06097197,51.08494181,6.336234624,96.59816497,55.29,23.0916,71.2975,summer,904.46,472.84,mango
22,17,26,28.69818144,47.71875722,4.754435025,99.642454,38.06,24.4903,86.4375,kharif,237.43,236.11,mango
11,34,32,29.14305008,49.40983294,6.831706773,97.55155537,73.63,15.5514,81.3776,kharif,1201.49,1310.68,mango
29,35,28,28.3471611,53.53903102,6.967417766,90.40260445,60.75,15.0274,70.9087,kharif,850.33,892.61,mango
22,28,26,27.67256197,45.41692012,4.947683034,92.84991507,54.63,15.0151,82.8285,rabi,812.19,589.49,mango
23,24,32,28.1218093,46.16888595,5.630619901,93.30247448,65.2,15.7379,87.2316,kharif,950.25,1105.24,mango
1,35,34,30.79375683,46.69536813,6.27339822,92.21318555,39.8,29.2286,83.5711,kharif,269.11,316.32,mango
2,24,34,28.89409382,54.80750249,6.472774648,94.76322976,43.87,27.3789,70.0749,kharif,344.38,433.32,mango
39,37,25,33.33024826,45.61143594,6.953246506,98.28583013,35.43,27.8487,77.3858,summer,207.78,114.32,mango
15,36,27,27.78912455,53.96886679,5.643710216,91.01152997,51.05,18.7125,75.8919,rabi,645.23,516.54,mango
3,18,31,31.65333432,48.20662669,6.392313973,91.09745581,100,11.1966,83.8175,kharif,3118.81,3496.36,mango
8,38,32,29.75150773,46.73723302,4.981816523,91.405983,41.26,25.8643,83.1655,kharif,300.91,371.5,mango
33,31,34,31.32995611,50.22287593,5.421265283,89.78216168,79.92,16.2381,76.301,kharif,1283.96,1614.83,mango
14,29,32,35.63627319,48.97047762,6.942520105,97.51952041,63.61,21.5503,86.4848,summer,1250.28,580.18,mango
18,20,26,31.66524687,51.98594645,5.435840509,89.98024312,48.74,27.833,73.2821,kharif,529.14,530.38,mango
9,21,32,32.26935342,53.56092806,5.870116071,95.94035356,42.04,30.0678,86.7894,summer,411.43,230.3,mango
20,30,27,27.81005614,51.59445462,4.74910393,95.89898581,41.61,24.4562,87.5822,rabi,367.6,273.4,mango
9,38,25,34.58561471,50.34035336,5.497946899,100.3060719,51.23,25.6119,87.9499,monsoon,552.62,676.07,mango
26,24,34,31.27180992,52.23810152,6.811291098,89.74409017,58.02,18.3262,72.6887,kharif,742.39,863.09,mango
31,36,29,33.93679864,52.72170281,6.460542749,97.4611918,38.9,31.4981,77.4783,summer,312.17,158.64,mango
14,18,35,31.09154239,47.02058367,4.791146778,91.46664318,100,9.1196,81.5951,kharif,4554.85,4859.43,mango
40,16,35,31.89356292,49.02450149,6.4841522,89.59371481,100,13.1568,87.2758,kharif,3107.13,3808.24,mango
28,27,34,32.45465292,50.69693751,6.526654345,95.04871605,90.22,13.1277,74.4956,summer,2103.38,1205.19,mango
0,17,30,35.47478322,47.97230503,6.279133738,97.79072474,46.74,25.6455,71.2721,summer,603.12,325.51,mango
1,29,29,27.32961444,49.30347234,6.052026047,93.53197359,45.07,29.8235,79.2116,rabi,479.45,370.22,mango
2,36,31,30.90225239,49.95955487,5.73171945,91.77522598,100,11.7852,75.7504,kharif,2753.81,3107.46,mango
12,27,26,29.09382275,45.5661059,5.32307197,96.23520043,76.35,22.2177,79.6469,kharif,1243.24,1461.86,mango
7,28,35,30.02086169,46.78393776,4.66910839,96.63721027,38.78,30.5604,78.8659,kharif,247.73,276.21,mango
0,36,26,34.13072188,51.25786185,5.101206389,96.38808001,45.03,30.7239,79.9145,summer,521.98,297.58,mango
26,35,31,33.44619894,53.05980465,5.339556562,98.05089394,38.23,30.0918,81.746,summer,292.51,138.16,mango
27,21,30,35.3915464,52.48823147,5.061081874,91.22881052,42.97,28.4739,85.9619,summer,467.64,224.82,mango
22,38,31,31.53356352,53.06009323,5.821106036,98.57025046,75.31,21.967,84.6185,kharif,1241.88,1344.48,mango
22,18,31,30.7645515,47.93791463,5.956027059,90.38503469,41.09,26.9305,70.4906,kharif,322.77,322.67,mango
28,23,28,30.01821337,50.0983181,5.676032581,96.08745082,42.62,28.9694,68.0382,kharif,344.78,380.86,mango
7,31,27,31.32863689,47.59319575,6.524114355,94.67344737,100,10.3372,68.8531,kharif,1971.78,2324.6,mango
29,34,26,33.88004781,54.39416048,6.273953676,89.29147581,61.5,22.553,84.816,summer,1099.46,604.62,mango
8,37,33,28.07802689,54.9640534,6.128167757,97.45373619,100,9.5105,84.5245,kharif,4420.78,5496.02,mango
39,16,27,35.53845018,52.94641947,4.934964765,91.54560427,57.56,18.3763,86.4911,summer,990.48,497.08,mango
40,24,25,28.70595247,50.44030129,5.445008416,95.8946444,100,14.1095,69.6165,kharif,2364.74,2555.48,mango
19,38,26,31.48451729,48.77926304,4.525722333,93.17221967,54.49,20.1586,74.991,kharif,686.7,725.31,mango
21,21,30,27.69819273,51.41593238,5.403908328,100.7720705,81.4,22.9549,87.9966,monsoon,1249.91,1750.36,mango
22,18,33,30.41235793,52.48100602,6.621623545,93.92375879,73.47,16.1657,72.7217,kharif,1204.83,1274.94,mango
31,20,30,32.17752026,54.01352682,6.207495815,91.88766069,100,13.1059,79.017,summer,3062.77,1705.78,mango
18,26,31,32.6112614,47.74916499,5.418475257,91.10190759,44.75,31.0685,78.3973,summer,549.66,265.71,mango
24,130,195,29.99677232,81.54156612,6.112305667,67.12534492,41.59,29.8666,74.213,kharif,229.46,256.59,grapes
13,144,204,30.7280404,82.42614055,6.092241627,68.38135469,42.15,25.2054,84.7268,kharif,246.49,265.08,grapes
22,123,205,32.44577836,83.88504863,5.896343436,68.73932528,57.88,18.1269,79.348,summer,860.95,484.92,grapes
36,125,196,37.46566825,80.65968681,6.15526103,66.83872293,39.73,25.3517,70.732,summer,235.28,130.3,grapes
24,131,196,22.03296178,83.74372787,5.732453638,65.34440794,64.61,18.6854,72.4633,rabi,1001.57,746.82,grapes
2,123,198,39.64851881,82.21079946,6.253034534,70.39906054,71.03,15.8776,76.0026,summer,1377.24,684.55,grapes
35,140,197,16.77557314,82.75241875,6.106190557,66.76285469,100,13.7374,78.2365,kharif,4419.64,5265.3,grapes
11,122,195,12.14190714,83.56812483,5.647202395,69.63122027,47,27.4212,78.0581,summer,487,260.04,grapes
6,123,203,12.7567962,81.62497448,6.130310493,66.77844567,52.45,28.9735,68.882,kharif,499.06,620.72,grapes
17,134,204,39.04071989,80.18393287,6.499604931,73.88467027,44.84,29.77,83.9574,summer,418.01,230.57,grapes
25,130,197,39.70772192,82.68593454,5.554831977,74.91506217,76.23,23.6209,68.4087,summer,1521.26,835.69,grapes
27,145,205,9.467960445,82.29335466,5.800242694,66.02765219,100,10.6563,87.8645,kharif,3717.84,4196.25,grapes
9,122,201,29.58748357,80.91934392,5.570290539,68.06417307,39.93,29.079,82.4101,kharif,196.04,194.63,grapes
16,139,203,17.82803682,80.96093443,6.27564088,65.84748763,67.38,15.7352,79.1904,summer,1201.96,682.8,grapes
32,141,204,8.825674745,82.89753705,5.536645599,67.235765,100,11.8205,74.2078,summer,3526.38,1951.07,grapes
22,138,195,27.83487131,83.51444973,6.208196881,73.02882766,100,12.4399,84.3338,rabi,3349.66,2690.22,grapes
31,144,202,11.02105378,80.55557235,5.870600622,68.23963161,55.95,24.6351,68.15,monsoon,599.73,726.87,grapes
3,136,205,17.5862944,80.84806564,6.334771461,71.4065452,51.77,25.4451,79.8173,monsoon,444.92,652.51,grapes
28,122,197,19.89363946,82.73366439,5.856575335,69.66256816,100,12.0316,72.2462,winter,2851.96,1732.68,grapes
4,136,204,29.93707596,81.77713468,5.898944282,65.52279323,72.85,17.9481,87.229,kharif,1066.56,1222.57,grapes
39,145,201,36.73126647,80.58931938,5.775600435,72.24230804,60.8,16.4659,87.9428,summer,1002.05,513.19,grapes
38,132,197,20.42094753,81.54185044,5.931101816,66.93065667,47.32,24.0113,82.4265,rabi,451.91,342.1,grapes
36,133,198,25.51939719,83.98351748,6.2286454,69.17281221,59.04,17.9417,72.6461,rabi,794.61,649.66,grapes
25,121,201,30.50734778,82.71775569,5.594240603,70.08200379,66.82,22.8637,82.0633,kharif,896.41,1041.31,grapes
15,125,199,18.4269936,80.55625868,5.569230319,69.75734306,61.75,19.6336,69.154,rabi,888.67,727.85,grapes
24,140,205,12.087022,83.59398734,5.93202852,68.66813363,44.66,27.4119,75.4163,winter,383.05,242.31,grapes
13,132,203,23.60115364,82.48336987,6.423216506,73.23901752,67.97,16.2335,80.4033,rabi,1059.51,902.03,grapes
5,126,197,12.80000387,81.20876367,6.417500829,67.10439401,56.56,17.7568,80.6095,rabi,728.32,591.47,grapes
30,120,200,38.06099482,82.24729637,6.234904253,65.70148216,69.53,19.4321,73.3822,summer,1315.31,666.49,grapes
23,142,197,39.06555518,82.03812973,6.000573725,69.30772897,90.05,10.2181,73.5196,summer,2079.84,1016.43,grapes
26,135,203,33.78372897,81.16314317,5.685102769,74.53557341,100,11.8424,76.5384,summer,2575.45,1394.02,grapes
7,126,203,16.76201707,82.00335557,5.662140095,73.28712806,39.94,31.7042,86.6121,kharif,181.3,207.5,grapes
32,139,198,35.89307536,82.66850729,6.358186848,66.53946559,64.05,16.9138,69.6989,summer,1075.77,618.16,grapes
9,141,202,21.01245395,81.17931863,6.119495295,66.38448261,67.22,20.9831,80.1132,rabi,1092.17,817.23,grapes
20,142,196,10.89875873,80.01639435,6.207600783,68.69420397,44.88,29.4767,71.804,monsoon,312.61,375.26,grapes
32,129,201,16.36251869,83.00471609,6.48754639,71.55665483,82.23,16.0208,81.574,kharif,1276.2,1560.18,grapes
3,134,199,20.28370163,81.32235739,5.81717753,71.06611222,42.27,30.9864,74.9916,rabi,284.3,230.25,grapes
38,138,204,25.11108456,83.25447587,6.325480034,73.01026829,64.84,20.7792,86.3958,rabi,1020.51,739.98,grapes
14,131,198,33.4641162,83.86742974,5.562790949,67.92204319,46.73,25.8286,79.0483,summer,474.89,256.52,grapes
20,122,204,11.7976469,80.86325389,6.487369687,65.06962486,100,13.971,86.7113,zaid,2806.67,2496.95,grapes
40,126,201,11.36300891,80.03100049,6.116982944,71.18289431,52.24,22.3494,84.4997,winter,655.43,408.8,grapes
36,128,204,25.23542319,80.68700527,5.695792761,67.03840888,52.82,22.6781,73.8048,rabi,623.64,485.18,grapes
11,132,197,15.99050693,81.23966573,5.734317007,74.40198861,50.78,25.1538,87.0281,kharif,466.87,554.48,grapes
0,137,195,22.4359017,80.18612085,6.329499832,65.3973168,45.43,27.8637,69.7895,rabi,405.85,286.44,grapes
19,123,200,34.76086052,81.03544763,6.167013532,65.70430027,64.07,22.1211,69.4387,summer,1142.66,540.69,grapes
31,136,197,31.11047251,83.34010951,5.653776058,71.43001582,53.08,29.7616,70.4872,kharif,509.66,636.54,grapes
4,134,200,28.57828803,80.95628959,5.840256272,73.34232097,42.87,25.66,83.012,kharif,271.1,290.23,grapes
39,139,201,41.18664903,81.01783402,5.539980812,68.68895899,72.56,15.8343,72.2757,summer,1408.34,752.76,grapes
8,127,196,27.02766138,83.17093908,5.833302165,70.95666003,45.46,26.1878,73.6702,rabi,400.53,275.78,grapes
39,138,203,21.19339319,82.33098331,6.399433771,74.62834921,100,12.7031,85.9397,rabi,2407.85,1871.65,grapes
32,120,204,10.38004759,83.44518113,6.138958698,67.3917379,97.11,10.7598,84.1695,summer,2289.7,1198.34,grapes
12,142,203,31.3115978,82.56407013,5.972850838,65.01095312,98.91,14.5899,75.2228,kharif,1753.13,2039.45,grapes
8,133,195,20.46657776,80.97598029,6.456079585,71.29813872,100,14.082,68.969,rabi,3477.33,2725.48,grapes
8,139,199,29.36947679,81.53996362,6.336426667,66.13442813,57.26,28.2706,69.8078,kharif,649.79,740.91,grapes
21,134,202,10.72302459,80.02130636,6.425419926,65.2982112,43.99,27.2923,78.2293,monsoon,284.76,353.14,grapes
40,140,195,14.97846952,80.49979873,6.294395676,71.63437433,85.92,16.153,68.7853,monsoon,1357.67,1714.54,grapes
39,127,202,15.3246651,81.67215994,6.477768039,71.60102999,100,11.5633,75.7121,kharif,2802.98,2820.93,grapes
19,120,195,18.73932187,81.12109244,5.931538447,73.55807954,81.5,18.8201,75.0961,monsoon,1168.63,1667.64,grapes
21,139,201,19.3642553,83.36094029,5.980598579,67.15094741,56.16,29.0602,71.4583,monsoon,584.85,741.75,grapes
17,136,195,41.20733624,81.61051026,6.389783283,65.90227462,81.08,11.4313,75.9049,summer,1790.13,807.94,grapes
33,139,203,33.34214482,82.51034633,5.693287415,70.68098614,100,13.1276,81.3649,summer,3570.67,1972.97,grapes
22,133,201,23.81995682,80.12211649,6.00299607,67.2739864,62.05,16.0611,75.3335,rabi,924.67,703.16,grapes
32,130,196,40.66012294,81.24995984,6.372959542,74.03030056,62.65,23.7259,74.7193,summer,1033.9,589.5,grapes
37,135,205,11.82768186,80.2827185,5.510924849,74.10225057,44.73,26.3233,74.414,kharif,308.41,369.06,grapes
15,140,195,13.28504331,83.54193816,5.69945282,65.80006004,100,12.1895,82.3285,monsoon,2323.16,3071.92,grapes
39,132,196,35.83089092,83.32560104,5.778594403,73.67984885,86.82,12.1144,76.3272,summer,1956.2,957.7,grapes
40,121,199,26.18159716,81.03886263,6.315586313,66.05911698,77.94,21.0437,74.4039,rabi,1434.18,1076.96,grapes
40,132,202,24.57558351,80.70695797,5.971813006,69.706113,100,14.9586,70.0878,rabi,3210.9,2738.44,grapes
29,142,203,29.67229086,83.71498986,5.891195653,66.48490371,45.09,24.2251,72.5298,kharif,326.3,346.2,grapes
32,121,199,39.37102553,81.25353895,6.129812716,74.08101744,61.34,16.8136,78.8367,summer,1005.59,540.4,grapes
6,140,205,17.66558428,82.92903419,6.313085601,69.8671263,100,12.1457,69.523,kharif,2392.55,2890.26,grapes
8,120,196,24.06679352,82.66396666,6.053662544,69.81855775,65.62,22.6064,73.2845,rabi,1001.93,821.16,grapes
34,133,202,15.31413469,80.09711412,5.804799142,74.82144653,47.13,25.6832,87.9726,zaid,434.48,362.27,grapes
35,135,199,21.77466746,80.54942557,6.400719746,69.39630398,60.1,15.1904,80.6833,rabi,850.41,669.36,grapes
16,145,199,26.91624843,80.76838926,5.953966361,69.30927185,100,9.8465,81.9724,rabi,2771.82,2355.02,grapes
8,136,201,41.65602996,82.22118237,5.609255992,74.19664838,100,12.7059,79.2535,summer,2774.49,1443.73,grapes
25,129,195,17.98667801,81.17712085,5.777271492,72.37127689,100,12.7972,78.9067,rabi,3588.98,2542.98,grapes
16,130,201,29.12033769,82.79092939,5.682395429,68.8503047,90.31,16.4371,80.5101,kharif,1473.66,1837.38,grapes
39,129,203,34.38922481,83.18392806,5.863996687,71.03001556,46.93,28.3357,84.8337,summer,502.46,237.66,grapes
38,135,203,41.36106301,82.79782954,6.444373116,69.92107482,52.95,22.8009,87.6727,summer,708.3,366.83,grapes
33,120,205,35.12158265,82.26890793,5.550832178,69.71518491,65.61,19.735,83.6517,summer,1147.08,629.31,grapes
35,125,204,19.6491772,80.15215777,6.107741788,73.69529586,85.21,16.7445,74.2746,zaid,1531.91,1437.25,grapes
1,132,200,16.27852801,82.94270065,5.620745638,66.57462809,53.89,21.7393,75.2595,winter,703.78,434.63,grapes
39,140,203,21.11903604,80.63399198,6.349875906,69.27779761,41.06,30.8831,81.6447,rabi,263.26,182.09,grapes
28,145,202,19.2077707,82.9042841,6.484323189,66.83113717,44.06,25.8535,86.3954,summer,386.52,202.48,grapes
6,128,200,25.96308415,82.57813624,5.838748311,70.31782647,80.53,15.5769,85.6959,rabi,1525.45,1117.59,grapes
6,139,199,25.67385024,81.6212135,6.29099842,74.10919422,100,10.8666,84.3129,rabi,2732.72,2032.72,grapes
29,122,196,41.94865736,81.15595212,5.638328481,73.06862952,53.85,18.7481,78.2119,summer,751.63,380.08,grapes
37,144,197,11.18994268,80.8084305,6.415555956,66.34234944,74.86,17.8608,69.3835,rabi,1352.64,981.8,grapes
38,120,197,17.5438296,82.94703302,6.323722572,73.77063744,100,10.5591,81.6094,rabi,2394,1879.75,grapes
38,141,198,13.05809741,80.28297993,5.757009965,70.75633584,43.41,29.7373,72.7551,zaid,317.99,268.31,grapes
14,121,203,9.724457611,83.74765639,6.158689406,74.46411148,50.29,25.7723,79.927,rabi,551.84,391.98,grapes
6,125,204,27.92004934,82.93262435,5.733539807,69.92092839,90.3,11.5703,73.4803,rabi,1845.32,1339.97,grapes
32,138,197,9.535585543,80.73112694,5.908724337,69.44115171,59.6,19.396,77.0419,zaid,834.74,655.44,grapes
11,124,204,13.42988625,80.06633966,6.361141107,71.40043037,68.36,20.3221,87.5332,kharif,922.85,1126.62,grapes
23,138,200,9.851242629,80.22631717,5.96537863,68.42802444,100,8.1342,85.7787,kharif,3154.46,3612.52,grapes
40,143,201,24.97256132,82.72828653,6.476757723,66.70016285,100,8.1229,84.0253,rabi,3011.67,2227.07,grapes
6,142,202,27.23708304,82.94573346,6.224542938,70.42508897,40.06,26.7795,84.3199,rabi,213.14,166.61,grapes
37,124,195,18.70679077,83.4795292,6.209928251,66.5964488,100,14.201,71.0837,zaid,3469.41,3096.77,grapes
35,134,204,9.949929082,82.55138983,5.841138354,66.00817551,64.59,22.2331,87.4417,rabi,1018.52,730.95,grapes
119,25,51,26.47330219,80.92254421,6.283818329,53.65742581,42.12,29.7199,72.6544,rabi,276.26,233.55,watermelon
119,19,55,25.18780042,83.44621709,6.818261383,46.87420883,79.1,16.3561,77.6207,rabi,1400.03,1183.39,watermelon
105,30,50,25.29954705,81.77527562,6.37620108,57.04147057,41.95,27.7937,76.923,rabi,276.88,215.79,watermelon
114,8,50,24.74631269,88.30866319,6.581587932,57.95826144,61.09,20.3735,72.2522,rabi,873.21,652.89,watermelon
93,22,52,26.58740671,81.32563243,6.932739726,41.87540028,100,12.1621,80.9245,rabi,4533.89,3769.19,watermelon
80,26,55,24.53442564,88.989272,6.140099215,49.11618732,46.07,27.7316,79.5662,rabi,378.05,307.51,watermelon
85,27,45,26.0713757,88.7285657,6.467095849,57.79652846,70.87,20.4958,75.9943,rabi,1146.28,937.81,watermelon
85,22,53,25.96534238,89.77076659,6.849471704,59.46338556,100,10.0681,82.5614,rabi,3916.87,2947.92,watermelon
82,22,45,26.22338015,85.34866045,6.512196212,54.60159289,92.24,10.2363,72.3236,rabi,1814.24,1494.97,watermelon
118,13,54,24.41311871,89.81574032,6.039584629,44.07843475,100,10.3814,85.9773,rabi,3124.44,2284.96,watermelon
83,25,53,26.49195283,80.04678201,6.057697106,57.72799157,45.9,29.3935,85.2328,rabi,404.3,320.65,watermelon
86,15,47,24.04355803,84.18406764,6.423898762,53.78929956,45,25.0542,80.3731,rabi,358.57,294.17,watermelon
101,10,47,25.5421695,83.31883376,6.936997681,57.57343233,56.73,16.6999,82.6358,rabi,744.49,566.92,watermelon
119,9,50,26.74550678,83.9195902,6.251286661,40.794305,45.16,30.9592,69.3638,rabi,387.58,267.73,watermelon
104,17,46,25.7131428,80.22972777,6.190015912,43.08961827,64.48,15.3046,80.3226,rabi,1023.33,732.65,watermelon
95,12,51,25.76484262,84.1726996,6.681606702,44.22066914,68.25,19.7677,75.1533,rabi,1074.76,889.16,watermelon
102,14,52,26.79489868,89.64815231,6.51075991,57.74091817,76.73,21.7175,74.6088,rabi,1334.91,1071.17,watermelon
109,21,55,24.9004602,89.73524177,6.770278088,57.44942094,100,13.3635,81.6319,rabi,2352.72,1811.79,watermelon
81,18,50,26.80750629,88.22874955,6.429788073,58.79889057,100,11.9896,86.6417,rabi,2467,1931.6,watermelon
103,17,51,25.11189154,80.02621335,6.209888345,44.20656987,58.37,17.8705,70.8799,rabi,774.1,658.75,watermelon
105,14,50,26.2148837,87.6883982,6.419052193,59.65590798,100,12.9488,82.7966,rabi,2995.05,2268.25,watermelon
97,8,52,24.9103226,86.97190046,6.237861736,49.48575692,83.01,21.0316,69.8462,rabi,1519.8,1261.22,watermelon
120,19,49,25.79448878,84.26830701,6.762471629,56.45229202,100,11.5163,82.7175,rabi,3061.65,2349.18,watermelon
95,16,55,25.26931156,87.55055105,6.612847999,40.12650421,81.23,20.6268,78.5433,rabi,1474.03,1199.46,watermelon
83,29,52,25.76402693,87.5931128,6.704688865,46.05122728,50.99,26.1294,78.277,rabi,536.21,433.63,watermelon
83,9,45,25.85483596,89.13163965,6.049609892,46.85176955,100,10.9157,68.6444,rabi,3198.36,2628.01,watermelon
91,21,50,24.33528185,81.44030363,6.762030215,48.32113628,43.63,29.9818,71.8673,rabi,343.09,241.37,watermelon
116,5,54,25.37601283,80.99313508,6.65398725,57.23028471,80.71,15.4814,77.8654,rabi,1470.73,1212.81,watermelon
112,28,54,24.86094646,85.05318563,6.738030547,55.29563514,100,13.8163,72.3921,rabi,3453.54,2334.82,watermelon
88,29,51,24.71885473,88.94568335,6.095689937,48.45978627,47.67,26.8843,84.8318,rabi,442.21,328.97,watermelon
118,15,45,24.21495706,84.20576992,6.538006356,48.01138482,55.01,16.8171,73.4435,rabi,666.64,550.2,watermelon
92,21,48,25.81692236,82.043255,6.377427122,54.82963379,59.02,16.5921,86.2041,rabi,786.93,671.6,watermelon
106,14,45,24.47018505,84.16390229,6.417011754,57.26773002,75.96,17.4545,77.2386,rabi,1378.18,998.87,watermelon
99,5,47,24.13078816,84.84494575,6.649086972,51.19470197,43.72,24.0993,84.3793,rabi,337.42,232.56,watermelon
98,8,51,26.1793464,86.52258079,6.25933595,49.43050977,48.87,26.1159,68.9334,rabi,484.51,368.73,watermelon
108,22,46,26.17668721,86.7295205,6.121168559,53.33484977,78.39,17.7153,78.5282,rabi,1404.38,1108.71,watermelon
119,7,55,26.03867719,84.6378378,6.031424482,44.3993381,69.99,17.9249,82.3369,rabi,1133.35,924.23,watermelon
117,27,48,26.53259325,82.39053979,6.835268184,54.30660782,100,13.9208,81.0999,rabi,3777.47,2580.1,watermelon
109,10,53,26.81938687,87.8274604,6.551750306,46.06193778,68.54,21.3387,85.3689,rabi,1088.28,865.97,watermelon
80,16,46,25.50405534,81.40297428,6.940236218,48.47833278,100,13.0073,86.82,rabi,3258.34,2673.12,watermelon
100,18,52,26.20234499,80.38266489,6.87606733,56.47941847,50.15,24.5846,69.6653,rabi,554.39,401.47,watermelon
91,7,53,25.13735887,89.28272716,6.457216535,43.52897517,72.04,19.4444,85.4964,rabi,1159.4,995,watermelon
86,6,53,25.92030221,83.47202566,6.921847888,42.10681516,100,11.153,82.6396,rabi,2543.52,2091.9,watermelon
107,5,52,26.6634609,89.98405233,6.881425746,57.40847165,51.74,25.1516,72.9432,rabi,582.75,405.52,watermelon
103,16,49,24.06731461,81.64075303,6.915717008,51.75212401,41.42,29.9976,83.7208,rabi,251.04,215.7,watermelon
101,20,48,24.6774157,82.75411437,6.206247494,57.05709413,100,11.3081,75.0135,rabi,2464.46,1813.07,watermelon
85,25,47,26.11440416,87.64081095,6.29542477,58.48160844,56.07,22.7962,74.1214,rabi,735.15,506.94,watermelon
84,7,51,26.81530456,87.65694462,6.399669044,55.74073582,41.6,29.5146,75.1853,rabi,244.02,196.69,watermelon
102,28,54,25.15623099,80.27525115,6.862157042,55.49541453,70.12,17.3474,68.6116,rabi,1140.34,952.2,watermelon
98,25,52,25.2801372,83.15393658,6.224066378,49.29456609,43.79,25.0579,82.4413,rabi,336.5,249.81,watermelon
97,25,50,26.22005978,80.90127035,6.093814669,49.08553937,64.4,15.1376,77.2434,rabi,1010.35,740.24,watermelon
90,16,45,24.92093261,80.61750795,6.291540278,50.55710813,57.21,22.4405,84.2423,rabi,772.89,579.52,watermelon
95,12,46,26.21667586,81.01009354,6.32281728,54.65423596,100,9.396,76.3918,rabi,2251.27,1531.13,watermelon
82,23,49,26.81383586,87.21986949,6.873283991,51.70497792,100,14.738,86.4715,rabi,3570.39,2768.56,watermelon
82,25,51,24.31334971,87.47409052,6.074209622,48.11248366,41.74,28.9254,86.1885,rabi,261.32,184.38,watermelon
110,28,46,24.29105004,88.04541346,6.49889585,51.26046418,65.83,15.269,75.0789,rabi,1001.57,799.36,watermelon
118,21,51,24.42998931,86.33904774,6.678805092,48.58241822,100,10.4975,86.9043,rabi,2907.04,2398.57,watermelon
120,20,45,25.66576039,88.6984228,6.114128685,54.22722466,42.08,28.8478,83.2462,rabi,251.59,211.85,watermelon
91,7,52,25.07803672,83.46230461,6.405054243,56.39962921,100,14.6825,79.6066,rabi,2193.09,1880.14,watermelon
81,6,55,24.88910524,85.87059083,6.110142735,51.70699144,43.72,31.1656,69.5546,rabi,334.7,229.11,watermelon
101,13,54,25.42900869,82.91481799,6.828982708,56.34144589,76.73,16.5453,76.6154,rabi,1322.31,1132.87,watermelon
101,17,55,24.37118217,87.1269128,6.451499764,44.63907691,100,14.1733,75.482,rabi,4071.32,3040.14,watermelon
111,6,53,26.4930645,88.59143088,6.313512999,46.06382209,100,10.4491,72.7773,rabi,4120.81,3015.71,watermelon
107,10,49,25.83202912,89.00481725,6.755192025,45.24690619,100,14.7324,87.7861,rabi,2262.74,1586.68,watermelon
115,11,46,24.41592661,89.39655519,6.623167177,40.32161859,78.2,17.6445,77.6968,rabi,1414.91,1064.44,watermelon
84,25,52,24.37190239,81.2514818,6.12532356,44.20899581,40.07,29.7659,77.1123,rabi,214.67,176.57,watermelon
120,7,47,24.24782473,83.03687902,6.653867608,54.7657624,44.07,24.3888,86.5854,rabi,357.19,241.59,watermelon
91,12,46,24.64458469,85.49938185,6.343942518,48.31219031,42.46,24.7237,70.366,rabi,276.95,225.01,watermelon
89,22,52,24.89681131,86.10782926,6.217300786,53.14626213,47.29,28.0741,76.4111,rabi,430.39,337.98,watermelon
113,19,46,25.41864024,81.12122989,6.286387658,49.52320689,52.31,26.0216,79.9934,rabi,583.78,501.43,watermelon
97,22,50,26.26028739,86.14585891,6.7698938,58.97878791,92.92,9.4365,80.2922,rabi,1913.47,1402.42,watermelon
117,30,50,24.90123934,87.20772913,6.744966312,46.59207341,70.19,17.3249,70.6471,rabi,1149.27,899.08,watermelon
90,14,52,24.84740848,89.20454622,6.391858432,59.67927244,100,8.3156,75.5392,rabi,2829.14,1909.89,watermelon
104,23,47,26.98212846,86.70068316,6.770434148,42.91292205,49.94,24.8045,73.3326,rabi,506.33,409.43,watermelon
81,16,45,26.90435747,86.25426228,6.727468157,59.75980023,69.45,16.0572,73.4515,rabi,1129.11,882.73,watermelon
88,5,47,25.86475496,86.67468041,6.662244646,41.16554802,53.59,16.2268,85.1729,rabi,644.3,468.77,watermelon
92,7,45,26.70607759,81.14149505,6.944640222,51.51033554,100,8.8705,82.926,rabi,4032.22,3239.85,watermelon
81,18,50,26.44019475,80.91934337,6.507110986,47.81847573,100,13.2523,82.6664,rabi,4317.67,2929.89,watermelon
111,5,55,26.283443,84.42478917,6.520663422,50.78669728,67.75,19.4968,76.9764,rabi,1102.17,817.39,watermelon
108,23,51,26.84366082,83.85039964,6.106500787,40.228644,51.19,30.2852,72.9276,rabi,551.64,451.6,watermelon
113,30,50,26.03967219,83.9862443,6.277484043,43.87712348,48.26,28.6837,82.5793,rabi,458.14,379.65,watermelon
83,10,53,24.92994759,85.00802358,6.195142279,48.75859458,62.55,15.8723,71.9788,rabi,937.46,686.84,watermelon
101,11,51,25.50736962,84.24340241,6.792035575,44.2068997,45.59,24.1466,75.2978,rabi,391.3,289.44,watermelon
114,21,55,25.4438391,87.9392312,6.472756256,57.51549686,45.24,31.4804,71.4858,rabi,375.32,262.64,watermelon
99,6,45,26.12588914,86.5507939,6.000975617,40.71210074,100,11.2462,83.0607,rabi,2965.14,2497.81,watermelon
92,20,55,25.10474753,87.5267616,6.587791262,59.26519444,58.33,17.813,81.3483,rabi,779.59,599.03,watermelon
92,7,48,26.27520631,86.63249555,6.956508826,54.38748495,53.7,29.9844,69.7943,rabi,622.71,505.41,watermelon
91,24,55,26.27061608,83.09194521,6.259086583,46.76837499,100,10.3018,68.9358,rabi,3738.14,2540.75,watermelon
110,21,54,26.73690828,87.82430156,6.747537642,47.46447019,47.12,31.2262,85.778,rabi,439,304.07,watermelon
112,25,51,25.04746944,85.5667282,6.932537231,56.72496677,71.6,17.578,83.4615,rabi,1225.16,902.48,watermelon
89,25,54,24.69368934,85.56967628,6.353107393,48.99390828,100,13.9076,84.2377,rabi,3229.69,2667.04,watermelon
100,10,53,24.54356968,84.60808277,6.211748957,42.00660251,46.81,29.6503,74.0714,rabi,426.46,321.4,watermelon
83,22,54,25.89762315,81.96664832,6.277245254,54.49960057,43.32,24.6358,76.9025,rabi,335.84,227.13,watermelon
95,14,50,26.6333118,84.31756844,6.560443519,56.31866159,40.09,24.1899,86.9691,rabi,204.35,171.5,watermelon
119,30,49,25.35794749,80.45846265,6.903020221,47.72078245,75.04,19.6853,73.4077,rabi,1341.65,1010.73,watermelon
97,12,47,25.28784623,89.63667876,6.765094964,58.28697664,55.67,15.2766,82.7389,rabi,698.38,515.83,watermelon
110,7,45,26.63838589,84.69546874,6.189213927,48.32428609,100,13.3332,76.874,rabi,3288.68,2581.28,watermelon
96,18,50,25.3310446,84.30533791,6.904241707,41.53218699,68.19,23.2886,81.735,rabi,1100.87,849.56,watermelon
83,23,55,26.89750174,83.89241484,6.463271076,43.97193745,100,9.6663,82.9414,rabi,3336.44,2797.42,watermelon
120,24,47,26.98603693,89.4138489,6.260838965,58.54876687,72.71,17.6483,74.3094,rabi,1219.26,959.07,watermelon
115,17,55,27.57826922,94.11878202,6.776533055,28.08253201,100,8.7887,75.0592,rabi,3926.3,2723.92,muskmelon
114,27,48,27.82054812,93.03555162,6.528404378,26.32405487,100,13.2246,85.8179,rabi,2299.8,1677.71,muskmelon
101,25,52,29.09910406,94.22237826,6.750145572,22.52497327,70.59,21.3108,78.4523,kharif,998.84,1079.33,muskmelon
118,18,52,28.04943594,90.83130708,6.562832807,20.76223014,45.42,30.9709,82.8711,kharif,319.44,329.69,muskmelon
95,26,45,29.91690582,94.55695552,6.117530021,28.16057247,45.02,29.6932,80.9189,kharif,279.31,331.58,muskmelon
81,25,49,29.86895762,93.25103208,6.076459669,26.26243014,100,10.6679,84.3823,kharif,3108.34,3695.53,muskmelon
117,24,53,29.17220859,92.21405224,6.293486295,21.30290472,100,9.3512,86.5408,kharif,2179.21,2265.83,muskmelon
114,30,51,29.24908541,90.06998135,6.069171847,25.93496537,81.92,15.5942,69.2685,kharif,1363.58,1376.4,muskmelon
113,6,52,27.76317235,90.35567642,6.740983646,25.21609113,47.01,27.7509,75.6546,rabi,420.1,304.6,muskmelon
108,26,52,28.82629037,94.26765349,6.201797639,26.23838511,48.34,27.052,81.2308,kharif,393.3,402.82,muskmelon
81,30,48,28.52379742,92.09688432,6.041027474,29.86681385,45.8,28.6549,69.379,kharif,331.1,331.33,muskmelon
115,9,52,29.06785065,90.97685539,6.019372459,29.1194739,71.66,23.9974,75.2404,kharif,1057.79,1093.82,muskmelon
83,7,45,29.08417927,90.73891887,6.704104127,25.33014238,72.79,21.6514,69.5439,kharif,1016.28,1225.86,muskmelon
84,21,55,28.47090661,94.79453182,6.494251024,21.08484101,57.86,31.2313,74.7188,kharif,634.32,712.78,muskmelon
109,26,45,28.27973674,90.38971208,6.224535449,21.58992507,76.22,17.7734,79.0486,kharif,1143.44,1287.44,muskmelon
95,27,55,28.47212559,91.21322065,6.160414414,20.88620369,100,13.5225,79.296,kharif,3457.68,3836.88,muskmelon
119,5,55,29.68846716,94.30111601,6.168757984,26.83924845,68.47,22.7074,84.0517,kharif,907.08,1059.74,muskmelon
110,14,51,27.02415146,91.66737633,6.085444691,21.26034986,100,10.1145,79.5899,rabi,2701.33,2297.93,muskmelon
82,18,48,29.09588297,94.16748386,6.159050816,26.70581328,100,12.6976,80.0724,kharif,2220.53,2500.98,muskmelon
87,14,48,29.69238699,92.58862544,6.606033244,29.1102594,47.58,30.8336,84.4696,kharif,349.44,422.27,muskmelon
85,9,53,28.20619412,92.86798698,6.447662945,28.78654515,53.08,28.0864,83.2585,kharif,528.32,548.2,muskmelon
100,6,53,29.05248036,93.92217834,6.105909623,23.66620626,45.69,26.4622,78.9002,kharif,302.52,349.97,muskmelon
107,12,46,29.57240298,93.61870344,6.559763394,27.56918621,100,13.6143,69.5313,kharif,2686.28,2948.21,muskmelon
91,13,47,29.10968327,92.43510994,6.14410903,27.95602304,41.85,28.8446,81.0785,kharif,195.91,246.02,muskmelon
102,25,50,28.20480805,92.91440379,6.099662369,20.36001144,47.12,30.9913,77.7445,kharif,352.88,384.49,muskmelon
117,25,53,29.11858526,92.12543021,6.413927319,24.52020164,100,10.6167,73.4155,kharif,2686.68,2726.96,muskmelon
85,21,52,29.62800691,90.10051615,6.075144116,23.69586761,68.99,15.8281,69.6036,kharif,914.14,1112.92,muskmelon
104,25,55,29.81196601,90.36881284,6.123802502,22.68766503,100,13.555,78.9158,kharif,2578.4,2781.83,muskmelon
102,24,54,27.72338349,90.93897939,6.698468621,22.81863447,48.55,30.4153,80.5005,rabi,446.9,367.76,muskmelon
116,25,50,29.26092798,92.92367701,6.088885814,28.70627683,71.85,17.6407,77.7023,kharif,987.88,1186.69,muskmelon
100,17,48,29.72791119,94.29753295,6.367800632,26.52364146,72.75,22.8567,87.7765,kharif,1089.36,1101.93,muskmelon
110,25,54,28.91105641,90.78413842,6.425930938,23.44398467,49.55,31.7715,76.452,kharif,433.94,452.63,muskmelon
104,25,51,28.96361426,93.88482153,6.469983276,23.56130173,78.86,23.6073,79.5374,kharif,1178.24,1393.76,muskmelon
107,11,54,28.59052369,91.33617236,6.094016338,29.44008034,75.93,23.653,82.9323,kharif,1090.11,1332.88,muskmelon
98,26,52,27.33897716,90.69759008,6.150090899,28.69113835,48.66,24.2315,84.1618,rabi,458.74,361.06,muskmelon
88,17,52,29.90415889,90.75284363,6.646962425,25.37828397,58.41,18.7388,73.3458,kharif,652.12,753.1,muskmelon
87,25,46,27.42711692,90.02696201,6.379690748,21.7508774,58.17,22.4654,70.8507,rabi,743.22,619.99,muskmelon
120,8,46,29.55657523,90.70937262,6.732834334,28.36535596,73.49,21.1523,81.6464,kharif,1081.71,1185.99,muskmelon
95,13,46,29.84070774,93.76312893,6.126019932,23.28207838,52.57,29.8489,80.6445,kharif,468.61,587.89,muskmelon
108,22,47,28.53545677,91.72742702,6.161123579,25.1290048,100,10.6951,84.7157,kharif,3148.1,3397.83,muskmelon
82,13,52,27.11535046,94.86907886,6.442810053,26.51924782,59.26,20.4253,73.0648,rabi,782.43,608.01,muskmelon
120,23,55,27.84492803,91.60666594,6.732049075,26.47844429,100,13.9142,84.4862,rabi,2338.03,1904.11,muskmelon
110,22,47,29.03157242,91.82172592,6.243673725,24.93861254,79.63,22.8381,82.0836,kharif,1242.48,1373.25,muskmelon
95,23,45,27.82424457,90.56698742,6.266208727,21.19014526,67.31,21.3189,85.2145,rabi,1051.61,814.89,muskmelon
106,10,49,27.72653142,92.00687531,6.350623739,20.21126747,51.36,28.3458,80.9708,rabi,543.86,419,muskmelon
99,12,52,28.69708334,94.30759855,6.002927293,22.21807088,76.59,20.6854,79.9088,kharif,1096.38,1349.02,muskmelon
106,20,51,29.73019662,90.97015715,6.342573112,20.49035619,81.88,21.5318,70.3179,kharif,1327.31,1415.68,muskmelon
83,11,53,29.54097171,92.91778307,6.163921248,21.9653077,100,14.7478,82.2922,kharif,2893.48,3064.21,muskmelon
117,19,55,28.80311922,91.78336933,6.121745389,25.16359891,55.04,24.3091,75.6918,kharif,591.18,602.39,muskmelon
98,26,49,27.29035669,90.53330091,6.130160473,23.49535234,65.08,18.7236,80.2566,rabi,966.14,780.2,muskmelon
113,20,48,27.46583649,94.87679041,6.440584681,27.27899847,80.52,17.4676,72.727,rabi,1452.12,1132.87,muskmelon
101,17,47,29.49401389,94.72981338,6.185053234,26.30820876,100,12.3073,73.7561,kharif,2724.68,3035.55,muskmelon
98,7,45,27.79161808,92.51054946,6.157724816,26.85422624,47.63,31.177,85.0533,rabi,416.78,336.09,muskmelon
93,22,48,29.12533739,91.52291141,6.776987974,21.90440445,42.68,28.8463,80.9861,kharif,241.37,246.44,muskmelon
95,21,47,27.93114233,93.56161439,6.431970877,20.66127836,52.34,16.4299,81.236,rabi,571.8,436.38,muskmelon
109,12,48,29.45771748,92.12534736,6.708743843,20.76212031,43.05,26.0136,77.6223,kharif,252.82,251.75,muskmelon
118,12,47,27.96872279,92.17444796,6.010739645,28.94766949,59.57,15.1739,86.9037,rabi,834.6,577.66,muskmelon
100,14,49,29.48882958,91.07574233,6.365956658,26.01909355,80.79,15.3066,84.7901,kharif,1206.35,1503.41,muskmelon
89,9,47,29.47156259,90.77069618,6.668382766,28.75226067,40.94,31.1813,74.7715,kharif,177.34,221.01,muskmelon
95,16,46,27.0767265,90.14362622,6.74669542,24.4514648,74.96,15.4309,75.3358,rabi,1298.53,998.23,muskmelon
95,7,45,27.30008597,90.80015308,6.031665834,25.09484511,45.71,30.2762,81.6566,rabi,374.43,275.86,muskmelon
87,6,45,29.82729394,90.79007335,6.40077205,22.84203589,63.73,20.8584,84.3787,kharif,828.75,871.63,muskmelon
93,20,50,29.93061247,93.22980899,6.448792689,24.34814338,100,11.1132,82.5308,kharif,3982.14,4270.75,muskmelon
84,29,49,29.94349168,93.90741192,6.251420275,20.39020503,48.62,26.2701,77.0951,kharif,376.66,446.26,muskmelon
111,5,47,28.03306461,91.47355778,6.274452811,21.17924769,78.61,22.6088,72.2084,kharif,1192.93,1373.82,muskmelon
111,5,52,29.8843055,94.0371147,6.135996372,21.0000988,51.45,25.6102,85.5348,kharif,482.08,493.64,muskmelon
111,15,54,27.7058373,92.91185695,6.194090172,22.06207161,59.22,15.6859,78.2705,rabi,765.36,641.44,muskmelon
89,11,47,29.78714005,94.65343534,6.327822962,27.8659442,66.69,21.6141,83.0354,kharif,897.97,950.85,muskmelon
110,15,48,28.57819995,92.86597437,6.212567211,27.5987178,100,9.2083,87.7825,kharif,2233.07,2322.91,muskmelon
95,30,52,29.48069921,90.33698678,6.640470863,26.0365768,45.48,25.0337,71.8068,kharif,321.84,334.02,muskmelon
115,12,52,27.51492243,94.96218673,6.685553129,21.01796432,48.7,29.6455,84.8041,rabi,460.94,332.23,muskmelon
120,25,50,28.05457761,94.81637388,6.327210469,21.84869328,49.07,29.2922,76.5541,kharif,382.3,462.61,muskmelon
102,11,45,29.03167341,93.12603235,6.35544263,24.15591199,43.22,30.1813,86.9238,kharif,253.47,256.07,muskmelon
94,5,55,28.5854649,91.89216849,6.085682344,26.88372572,71.89,22.1745,75.5032,kharif,1019.25,1154.34,muskmelon
84,18,46,27.08808014,93.42402083,6.781050373,25.32159689,44.16,28.6955,79.0777,rabi,301.87,251.96,muskmelon
107,22,54,27.99611732,90.84660317,6.630301421,21.61893763,69.28,18.9318,72.3687,rabi,1080.42,905.96,muskmelon
80,18,52,27.87317436,91.14849627,6.484799661,24.05207925,62.62,18.9856,73.9088,rabi,919.28,674.81,muskmelon
86,18,45,28.96586565,90.71832938,6.566759102,22.25838137,62.45,19.0796,80.2737,kharif,783.03,847.52,muskmelon
113,28,48,28.87726019,92.48839665,6.170520518,24.44267592,100,13.3644,83.4817,kharif,3493.92,3926.86,muskmelon
115,18,53,29.17052093,94.19790371,6.012480351,22.06994464,57.69,16.457,76.8106,kharif,658.66,673.05,muskmelon
82,20,54,29.34033587,90.01506395,6.541150335,21.44532907,100,12.0383,72.2039,kharif,2370.57,2460.52,muskmelon
98,22,47,29.07265321,91.91533173,6.341400922,28.83568362,80.25,15.7026,84.0684,kharif,1319.43,1311.2,muskmelon
117,25,54,28.68275966,92.50969311,6.150686364,29.11187663,66.44,20.7876,68.3337,kharif,859.28,1000.48,muskmelon
83,15,49,28.92705913,91.39356832,6.438008153,23.20076686,74.69,19.5172,72.561,kharif,1119.44,1210.95,muskmelon
120,16,51,27.99901833,91.64193051,6.547041903,23.28618248,100,13.2368,87.9506,rabi,3567.19,2424.29,muskmelon
111,5,50,27.59350075,91.79742953,6.399891457,24.84266123,51.81,31.5231,80.0183,rabi,575.24,408.26,muskmelon
85,21,47,29.87331077,90.60932469,6.186770318,24.69720481,55.24,30.616,76.7928,kharif,589.55,625.83,muskmelon
90,23,54,28.55852465,90.45773041,6.159020864,27.26588346,100,13.426,73.9888,kharif,2824.07,3179.58,muskmelon
99,29,55,29.19378695,91.46241065,6.660954816,26.48240255,100,11.4988,68.5716,kharif,2345.95,2799.09,muskmelon
102,11,47,27.98780984,92.78226196,6.504906979,27.14509034,100,13.6966,87.0241,rabi,2503.28,1874.14,muskmelon
80,18,51,28.05380704,91.81758779,6.706053225,20.76582087,49.18,31.7706,86.5216,kharif,384.92,486.45,muskmelon
87,21,52,27.3506296,94.2911951,6.067665498,27.21244021,98.78,11.0568,76.9259,rabi,1962.37,1673.56,muskmelon
114,8,52,29.34081108,94.5513539,6.419083092,28.22908103,88.18,20.564,79.3935,kharif,1432.8,1671.08,muskmelon
99,6,46,28.61475136,94.22253035,6.39637861,28.98574189,86.22,17.0224,72.6811,kharif,1469.07,1494.36,muskmelon
89,25,50,27.04863538,91.34685096,6.375923383,25.08146686,48.36,31.2707,72.9902,rabi,465.03,328.39,muskmelon
96,13,55,29.5275305,94.57459443,6.700337732,21.13545688,69.93,16.4842,78.8621,kharif,937.95,1114.32,muskmelon
82,26,47,28.50416396,93.46806467,6.565312653,24.20007242,61.49,19.7565,73.0083,kharif,754.3,803.74,muskmelon
106,21,52,28.89578588,94.78993038,6.286515359,23.0362503,100,10.0684,85.2927,kharif,3176.03,3857.47,muskmelon
90,15,52,27.04927452,91.3821731,6.448061578,23.65747461,61.74,20.1402,80.4427,rabi,875.09,673.4,muskmelon
106,16,54,28.96017885,91.69532178,6.585872508,24.7458198,43.57,28.9179,78.0087,kharif,259.29,281.06,muskmelon
24,128,196,22.75088787,90.69489172,5.521466996,110.4317855,83.4,18.317,85.1198,monsoon,1247.59,1624.96,apple
7,144,197,23.8494014,94.34814995,6.133220586,114.0512495,100,11.3083,82.9051,monsoon,2686.58,3325.25,apple
14,128,205,22.60800988,94.58900601,6.226289556,116.0396587,47.17,28.7533,70.2355,monsoon,304.84,441.1,apple
8,120,201,21.18667419,91.13435689,6.321152192,122.233323,44.01,29.0836,80.7042,monsoon,236.61,344.34,apple
20,129,201,23.41044706,91.69913296,5.587905967,116.0777931,100,9.7235,68.0055,monsoon,2820.34,3365.65,apple
32,137,204,22.86006627,93.12859895,5.824151693,117.7296726,100,12.9532,78.3991,monsoon,2353.87,2865.52,apple
27,139,205,22.48403042,93.40819246,5.772179946,105.5473627,100,14.9845,84.3525,monsoon,2470.01,3365.62,apple
0,123,205,22.02775403,92.96129462,5.790993052,121.1349176,57.48,30.5163,80.4157,monsoon,594.38,752.82,apple
22,144,196,21.91191314,91.68748063,6.499226821,117.0761277,71.93,18.5709,78.4983,monsoon,956.44,1242.34,apple
1,124,199,23.71059131,93.27392415,5.658473817,112.6676589,47.52,31.1022,75.717,monsoon,334.11,434.08,apple
30,122,197,21.37784654,92.72043743,5.573241391,106.1417017,53.33,31.0616,85.6381,monsoon,480.7,629.46,apple
29,121,196,22.84852833,94.32130209,6.079497202,123.5977843,79.43,20.3366,72.77,monsoon,1186.82,1417.54,apple
13,126,204,23.1094265,92.79630809,6.383180271,108.183792,78.95,18.7064,85.7128,monsoon,1091.15,1522.95,apple
9,139,199,23.25230817,94.54128292,5.867420996,105.3558408,92.3,22.9871,75.1926,monsoon,1392.89,1999.21,apple
0,133,200,23.67287749,90.4935574,5.708418722,104.2298028,100,14.1676,73.9748,monsoon,3565.12,5213.69,apple
30,143,199,23.76881552,90.59810302,5.7983508,102.2648546,90.61,16.6779,73.5565,monsoon,1339.03,1984.6,apple
36,140,198,23.34386401,91.47684705,6.28188384,104.4267991,83.93,16.865,78.4222,monsoon,1198.59,1720.52,apple
37,137,199,22.63946441,90.18451645,5.697945522,108.3405879,54.25,28.5602,74.1865,monsoon,496.12,687.56,apple
33,121,203,22.45696744,94.76285385,5.605934087,114.8407725,87.4,15.4568,68.7993,monsoon,1312.75,1778.16,apple
7,144,195,22.96388477,93.58065995,5.85648105,104.6472986,100,8.3358,78.312,monsoon,3023.3,4341.81,apple
35,128,205,21.07273439,93.56585985,6.041053829,107.8737015,100,10.0087,72.05,monsoon,1925.21,2662.23,apple
29,128,198,22.44075021,92.70785115,5.685062404,121.4977331,61.21,29.3748,87.5536,monsoon,694.12,870.51,apple
2,143,196,22.71271308,90.45261746,5.669489065,109.8852597,56.07,29.0213,70.7674,monsoon,533.27,757.52,apple
34,140,198,21.70416965,93.44006288,5.751707342,115.1781396,72.36,15.479,80.4455,monsoon,941.32,1279.56,apple
29,144,204,22.43324518,92.48667725,5.800448951,119.1025189,75.69,17.8823,86.1053,monsoon,1071.3,1334.13,apple
32,141,203,21.25941052,92.84416234,5.821347769,109.0658471,60.28,22.3244,76.6327,monsoon,680.38,826.06,apple
13,144,197,22.9215706,94.89613443,6.28022267,105.6941544,100,11.6328,79.2348,monsoon,2127.42,2663.67,apple
25,143,198,22.81212536,91.51861705,6.027314401,107.855225,62.04,23.6942,83.2319,monsoon,735.39,878.78,apple
9,137,200,21.12152071,90.6878768,5.636687393,102.8017203,67.51,15.589,68.5182,monsoon,866,1075.05,apple
6,144,198,21.11478672,90.31528693,5.559363609,104.5086618,100,11.5969,81.2001,monsoon,2727.79,4070.86,apple
37,126,196,23.59997268,90.97597665,5.596449493,107.1728191,84.66,21.0107,80.9193,monsoon,1304.53,1631.5,apple
2,120,203,23.12652652,94.71203306,5.893492999,108.6211833,60.17,25.7396,73.6656,monsoon,684.07,801.17,apple
11,143,197,22.98458907,93.3204487,5.875718516,122.1952483,76.86,21.8915,83.0176,monsoon,1112.98,1350.96,apple
10,141,201,22.12659387,90.97818277,6.386021424,104.5412275,49.36,24.3371,79.8762,monsoon,365.01,531.12,apple
24,142,202,22.53779727,91.48135786,5.710819862,101.8474768,44.3,28.5578,80.8136,monsoon,240.45,356.2,apple
23,138,195,22.49095104,91.70292746,5.795985716,124.3915101,100,12.1563,71.4159,monsoon,2790.69,3512.78,apple
18,125,204,22.35548159,94.47811755,6.046673619,116.7366261,79.9,15.9877,79.1875,monsoon,1122.69,1533.43,apple
13,121,196,22.20700989,93.50574163,6.443382913,120.1593771,99.77,23.4494,78.8123,monsoon,1578.57,2256.43,apple
26,122,202,22.44516988,94.73763514,5.617227184,107.1843273,75.35,15.7132,74.9028,monsoon,972.16,1428.65,apple
28,123,202,22.76643029,92.12438519,6.442289294,120.4359949,100,12.9702,72.6657,monsoon,3308.55,4594.94,apple
26,121,201,22.19109412,90.02575116,6.162034371,112.3126628,65.05,18.0737,79.8625,monsoon,790.64,1015.32,apple
21,137,196,23.6119202,91.70293849,5.812781806,123.5900822,86.25,21.215,86.5182,monsoon,1306.21,1730.09,apple
21,135,198,23.86087054,94.92048112,5.765015126,105.0241329,77.69,17.9069,82.1143,monsoon,1053.67,1474.67,apple
5,144,205,21.42177231,92.62665309,6.184922574,102.8045658,100,12.5933,76.1509,monsoon,2058.36,2443.84,apple
2,123,205,22.36629253,90.78572467,5.739652177,124.9831618,100,10.7325,69.0205,monsoon,2524.19,3195.36,apple
15,133,199,23.99686172,91.61001707,5.824778636,117.6102915,46.41,27.9899,68.0203,monsoon,307.76,406.09,apple
31,130,198,21.80129837,92.73446667,5.554823557,120.0586671,48.9,28.9082,87.2937,monsoon,352.87,504.3,apple
25,143,200,23.80436344,92.80441624,6.024248787,100.6192543,100,8.2733,70.3978,monsoon,2031.53,2603.55,apple
16,143,204,23.71475278,91.53331177,5.631333387,121.8961665,72.47,15.3303,75.8935,monsoon,1001.58,1218.88,apple
19,122,202,23.34467359,90.37981478,5.811975094,112.8954016,42.67,28.8156,72.664,monsoon,212.24,292.73,apple
10,125,196,22.31253665,90.03577124,5.730557448,113.0688155,87.29,19.4523,87.2295,monsoon,1355.36,1744.99,apple
20,139,202,23.50201428,92.21083961,5.66999105,107.9868949,100,13.4356,71.766,monsoon,3676.98,5064.23,apple
28,123,198,23.46260321,91.45665004,5.682751473,111.7763395,56.1,28.1975,84.401,monsoon,521.04,768.83,apple
28,136,200,23.06204373,92.39544055,6.245858905,114.7399101,70.32,18.0009,83.0555,monsoon,859.18,1259.9,apple
2,131,199,22.47420512,91.22759742,6.017370134,124.2179699,52.11,29.7191,79.0508,monsoon,434.83,619.54,apple
2,140,197,22.69780133,92.82223419,5.53456749,105.0508234,100,13.5187,78.7827,monsoon,2490.35,3539.62,apple
27,138,201,23.66682067,93.90191078,5.952367662,105.4004751,100,10.1916,72.1095,monsoon,2939.97,3441.12,apple
30,127,204,22.50050273,92.45878335,6.126436584,100.9343903,40.8,24.0897,70.4605,monsoon,166.2,215.6,apple
32,145,203,23.83053666,90.84422164,6.406818518,109.5966791,68.8,22.6196,74.7502,monsoon,845.92,1186.62,apple
29,139,205,23.64142354,93.74461474,6.155939453,116.6912176,100,12.5385,81.2246,monsoon,4558.81,5908.66,apple
26,126,195,21.41363812,92.99124545,5.878568981,118.3979065,67.77,21.3863,84.6026,monsoon,802.11,1162.14,apple
40,136,202,22.85267372,94.5764581,5.935336308,117.5314026,77.75,16.9397,82.7913,monsoon,1055.43,1478.97,apple
6,124,200,22.98208095,93.84505029,5.971332179,109.5852253,42.21,30.4664,86.2418,monsoon,196.67,259.39,apple
35,138,200,21.19909519,90.80819418,5.67130617,103.6838922,48.84,24.685,84.803,monsoon,370.32,490.45,apple
17,136,196,23.87192332,90.49939035,5.882155988,103.0548094,74.38,19.4987,74.1988,monsoon,1039.21,1302.8,apple
33,134,205,21.0365275,94.33919546,6.08551916,114.7412734,44.17,29.6622,81.8528,monsoon,251,314.11,apple
16,143,197,22.61711614,93.51978375,5.90402645,116.9256766,75.12,17.2177,75.0104,monsoon,997.96,1386.97,apple
27,120,200,21.45278675,90.74531921,6.110218826,116.7036582,77.49,20.9785,78.3161,monsoon,1113.81,1409.15,apple
29,145,205,22.81227579,92.12992101,6.212302608,109.3383552,42.86,27.7839,70.4951,monsoon,218.22,285.75,apple
3,141,197,21.98141856,91.12719303,6.142803397,115.4789148,46.53,29.5842,82.6064,monsoon,298.25,430.12,apple
15,123,204,22.52709326,92.54780429,6.365972688,115.3830068,100,10.9391,72.3394,monsoon,3081.09,4176.74,apple
5,136,195,22.35628673,91.92360477,6.264202804,107.7697413,49.39,31.0947,78.7717,monsoon,382.26,503.78,apple
10,136,204,21.19852186,92.15595143,6.276198595,105.8554351,47.23,26.2417,74.0073,monsoon,342.13,411.76,apple
7,141,195,23.8812458,93.45067555,5.514253142,104.9116663,100,14.019,82.2459,monsoon,2607.41,3846.71,apple
2,129,201,22.78234161,94.36803516,5.682343744,122.1449949,44.68,25.8035,77.9254,monsoon,242.35,360.04,apple
29,138,197,22.19055385,92.43764169,5.830892252,121.6622761,75.78,23.9604,87.7037,monsoon,1062.9,1351.83,apple
30,137,200,22.91430043,90.70475565,5.603413172,118.6044645,100,10.0927,87.5638,monsoon,3227.97,4487.04,apple
29,132,204,23.08950736,90.22507299,6.0967531,108.2166601,53.05,30.9757,80.8265,monsoon,486.84,619.58,apple
14,139,197,21.72484506,92.83975602,6.056529526,121.6961761,49.65,31.0921,85.05,monsoon,385.22,510.91,apple
18,125,203,22.44307715,91.59234006,6.160267496,102.5565807,57.59,29.3232,80.0964,monsoon,570.81,800.66,apple
33,143,204,21.1316077,91.95769858,5.814434775,122.5391946,60.95,23.192,70.78,monsoon,670.16,890.16,apple
40,144,196,22.71750705,92.25479855,5.987262638,107.0289866,89.23,23.7029,77.6159,monsoon,1346.61,1871.42,apple
9,143,197,23.75033085,92.88160462,5.570020684,117.6602827,100,9.382,84.9165,monsoon,3017.47,3987.9,apple
38,135,203,23.76121837,93.661643,5.965551311,100.825956,100,12.0696,71.8067,monsoon,2836.31,3963.1,apple
28,130,196,22.13450646,94.67695747,6.062356467,112.9203223,75.43,17.4145,68.6367,monsoon,1009.83,1384.3,apple
35,142,203,21.17089176,90.23730166,5.895319002,123.6495149,66.78,15.3149,77.8045,monsoon,868.41,1026.05,apple
12,129,205,22.36238282,91.15761594,6.119432215,118.6832725,100,9.7849,85.4563,monsoon,2514.1,3127.12,apple
1,135,203,22.77856513,92.70124029,5.624203283,113.7759219,100,12.7114,87.6074,monsoon,2016.11,2501.37,apple
0,145,205,21.22503442,90.09877774,5.52078314,113.9760462,46.59,28.6633,83.3298,monsoon,318.31,414.38,apple
31,121,201,23.15791104,90.34396882,5.731535258,110.712841,53.47,31.3586,79.3613,monsoon,459.48,683.01,apple
35,131,203,22.42776057,93.91722423,5.893490899,102.7230739,100,10.4848,74.4855,monsoon,2005.82,2598.12,apple
29,140,195,23.64082979,90.95257927,5.560521058,116.7431319,57.38,19.5007,80.7686,monsoon,588.56,767.71,apple
33,138,198,22.29423493,90.69033986,6.222390798,122.7418744,63.59,22.0893,85.6211,monsoon,734.86,988.21,apple
14,140,197,23.35225078,90.90054697,6.071255131,113.0381382,100,10.1707,81.8809,monsoon,1999.47,2785.34,apple
35,145,195,22.03911546,94.58075845,6.231950009,110.9804014,100,9.1215,80.0517,monsoon,2549.4,3538.12,apple
40,120,197,23.80593812,92.48879468,5.889480679,119.6335548,46.46,29.5908,77.4813,monsoon,298.54,416.29,apple
25,132,198,22.31944084,90.85174383,5.732757516,100.1173443,46.8,30.1854,74.6351,monsoon,327,411.71,apple
31,137,196,22.14464104,93.82567435,6.400321212,120.6310784,50.35,24.5287,81.3428,monsoon,415.11,511.12,apple
36,144,196,23.65167552,94.50528753,6.496934492,115.3611268,50.53,29.6504,72.4231,monsoon,397.79,541.35,apple
10,140,197,22.16939473,90.27185592,6.229498836,124.4683112,43.39,30.6417,69.6718,monsoon,224.44,324.7,apple
22,30,12,15.78144173,92.51077745,6.354006744,119.035002,100,9.4262,71.0622,monsoon,3270.99,4382.06,orange
37,6,13,26.03097313,91.50819306,7.511755068,101.2847738,49.76,30.7601,68.5307,monsoon,414.3,488.29,orange
27,13,6,13.36050601,91.35608208,7.335158382,111.2266885,100,13.9757,75.5812,monsoon,3339.26,4537.88,orange
7,16,9,18.87957654,92.04304496,7.813916603,114.6659511,90.52,18.1829,85.0557,monsoon,1421.69,1859.01,orange
20,7,9,29.47741671,91.57802915,7.129136941,111.1727497,100,9.9155,82.3596,monsoon,2856.82,3908.02,orange
26,27,10,28.06903173,92.91487288,6.079998496,114.1339416,97.56,18.5429,84.8402,monsoon,1600.96,2083.62,orange
5,23,15,25.66901098,92.04670813,7.408939392,112.5424199,55.32,24.6794,83.1729,monsoon,544.35,681.59,orange
0,18,14,29.77149434,92.00719952,7.207991261,114.4161786,50.92,26.3056,71.8195,monsoon,394.1,589.09,orange
39,24,14,30.55472573,90.90343769,7.189259647,106.0711985,60.77,22.561,83.5962,monsoon,690.64,857.65,orange
13,23,6,23.96147583,90.26408017,7.365338111,102.6958703,100,10.3813,78.832,monsoon,3743.6,4833.98,orange
21,17,15,23.98289638,91.5473145,7.455991072,118.4901697,100,14.2124,85.6335,monsoon,4200.81,4990.85,orange
33,12,8,25.26052689,90.31153735,6.822282114,117.3695296,100,9.176,69.3692,monsoon,2969.49,3732.44,orange
6,9,12,31.08368929,90.14362642,7.028746406,109.6894658,100,14.0966,72.3269,monsoon,3225.41,4734.65,orange
19,7,10,14.78003032,91.22062116,6.118430299,100.1961762,83.85,16.1481,73.0679,monsoon,1290.6,1594.35,orange
24,18,6,26.56608303,94.45239715,6.285312759,116.3796525,63.61,23.7578,74.4457,monsoon,715.39,990.16,orange
9,11,8,24.85903405,94.39000473,6.559236744,111.7803734,100,9.6694,76.9814,monsoon,2399.59,3232.22,orange
31,8,7,34.51465139,93.63812684,7.163245982,103.5684926,100,10.6762,86.9067,monsoon,2823.31,3615.19,orange
22,17,5,24.12188673,90.72351622,6.945562889,102.835632,65.6,18.2703,80.3141,monsoon,758.14,1091.04,orange
13,5,8,23.85340379,90.10522549,7.474710503,103.923226,70.55,15.8173,86.4187,monsoon,881.24,1261.21,orange
16,8,9,24.60297538,91.28408653,7.601189843,111.2948115,58.77,30.3903,87.304,monsoon,593.17,852.21,orange
4,13,6,15.63211033,94.25966183,7.561143224,101.4705704,62.94,21.5307,69.4948,monsoon,707.98,956.99,orange
0,25,14,19.33516809,91.97978938,6.361671475,116.450422,63.86,15.9739,86.4303,monsoon,740.42,990.53,orange
8,7,10,28.2620488,91.98317355,6.929216014,105.2132259,46.11,30.7829,81.0034,monsoon,308.17,383.34,orange
4,23,5,22.67594476,93.36348717,7.477935216,110.3332655,100,13.4714,77.4053,monsoon,2496.33,3637.31,orange
33,14,8,21.03200078,92.9641969,7.684420446,110.6823944,55.55,30.8933,77.6146,monsoon,539.38,697.82,orange
30,7,15,33.23453301,91.06053924,7.825531916,115.7659902,100,10.6269,69.4842,monsoon,3092.44,4369.95,orange
21,29,12,22.30318989,92.15987039,6.438668989,117.3688104,48.52,31.1974,72.3243,monsoon,341.03,498.83,orange
11,14,5,11.50322938,94.8933184,6.946354724,115.5683776,50.91,31.9615,82.8785,monsoon,431.9,518.64,orange
9,8,15,14.34320488,94.35734702,7.994465371,110.2223123,60.88,25.7066,70.5972,monsoon,666.27,874.91,orange
5,18,14,33.1056981,93.48447453,7.434118807,119.1709113,49.93,26.0846,87.0569,monsoon,387.57,522.28,orange
29,25,14,30.49183837,90.4582865,7.781988584,113.3302105,100,10.7356,80.814,monsoon,2623.1,3388.8,orange
33,12,15,30.25578031,92.03272799,6.052318465,116.7173125,55.62,26.0523,70.9804,monsoon,528.67,722.77,orange
8,16,6,12.22816189,90.26457428,7.106650373,108.4161706,56.98,30.2801,74.3165,monsoon,548.39,798.87,orange
15,14,8,10.01081312,90.22399223,6.22094286,119.3941064,49.93,25.5704,83.3978,monsoon,399.42,527.84,orange
16,7,8,22.79196751,90.60901895,6.420457311,116.5084074,100,12.6683,75.1015,monsoon,2644.75,3911.53,orange
0,12,7,20.18432263,90.65458473,6.969249676,116.8130969,72.81,23.1734,82.2931,monsoon,1014.1,1231.16,orange
5,25,6,30.72119881,94.01331956,6.011302181,106.8118019,82.31,19.4705,83.6014,monsoon,1137.28,1677.54,orange
6,8,11,24.35590861,92.39651663,6.600948788,119.6946577,100,13.1989,71.1003,monsoon,3576.07,4330.97,orange
10,5,5,21.21306973,91.35349216,7.817846496,112.9834361,53.58,29.0726,72.1697,monsoon,493.51,638.16,orange
1,17,6,10.78689755,91.38411917,6.8198271,117.5293447,45.37,29.6184,71.1458,monsoon,277.73,378.75,orange
1,30,10,11.89925671,91.34663797,7.291405641,103.5771468,86.71,21.7504,86.3568,monsoon,1278.78,1800.18,orange
0,23,15,22.56664172,93.37488907,7.598729065,109.8585753,48.23,28.2011,74.9474,monsoon,352.05,456.77,orange
24,27,9,18.86883219,93.24688124,6.157135092,119.3936976,100,14.3651,77.642,monsoon,3395.78,5032.79,orange
36,11,13,17.34083741,93.04897191,7.1917274,112.7194284,63.86,21.9435,75.3976,monsoon,765.47,950.01,orange
40,21,8,34.90665289,92.87820148,7.418761774,102.1906333,100,10.6788,84.356,monsoon,3653.32,4941.55,orange
40,22,6,24.53610067,91.90997228,6.488221135,115.9787989,100,9.6821,75.5686,monsoon,4360.17,5386.09,orange
32,18,13,13.8377282,91.74780462,6.044167236,107.9873218,51.27,31.9339,71.2904,monsoon,404.14,600.61,orange
9,10,10,22.3551049,93.52211892,6.010391864,101.5164589,58.91,24.3167,72.4404,monsoon,614.58,817.49,orange
13,16,8,34.74004942,93.12316972,6.949838549,100.1967854,100,11.0882,87.6112,monsoon,2565.21,3337.75,orange
15,9,11,11.54785707,94.14861001,7.907956251,108.8289171,49.81,28.2236,85.2861,monsoon,372.05,530.2,orange
29,11,5,23.13338811,91.94670335,7.639788459,104.4224145,48.21,25.6356,78.107,monsoon,352.57,463.93,orange
1,15,9,29.98364695,94.55239717,7.53350946,115.3560318,77.44,16.2386,84.9575,monsoon,1019.77,1506.06,orange
18,5,11,20.87947369,90.93756231,6.251586885,102.4550786,52.55,28.2267,87.9051,monsoon,453.26,626.11,orange
14,22,9,17.24944623,91.13772765,6.543191814,112.5090516,67.74,17.914,72.6815,monsoon,813.26,1157.31,orange
33,15,7,15.83388699,91.68293851,7.651225301,109.7571416,82.56,23.0355,71.6329,monsoon,1186.75,1643.92,orange
4,6,7,23.01014302,91.11764246,6.708889665,112.6738296,43.25,27.4503,83.0704,monsoon,226.64,306.8,orange
17,16,14,16.39624284,92.18151927,6.625538653,102.944161,50.79,24.1684,73.0893,monsoon,412,555.47,orange
12,20,10,24.45132792,93.10527686,6.528354932,109.4711098,100,12.596,83.6663,monsoon,2960.64,3729.26,orange
34,29,8,31.87859192,91.15248149,6.450640306,105.3437825,100,12.7807,83.9764,monsoon,2452.55,3108.39,orange
39,28,10,31.34920143,91.48247612,7.181907673,109.1549823,72.48,22.8585,76.7287,monsoon,947.03,1292.57,orange
31,25,12,18.05142392,90.03969587,7.016482298,111.7793889,51.96,31.7587,80.7538,monsoon,437.19,614.16,orange
12,6,8,30.84835031,92.86773675,6.388617138,107.4142681,71.64,18.7654,74.7197,monsoon,991.44,1168,orange
12,29,13,22.45616931,91.52781832,7.57125447,118.0069295,43.77,31.4038,76.0534,monsoon,229.43,335.11,orange
26,11,11,13.70319166,90.95589386,7.609348255,106.2944879,65.76,18.2145,78.1343,monsoon,829.27,1005.52,orange
19,24,15,20.48954522,93.72485075,7.137136973,111.8391951,88.4,20.5468,72.1526,monsoon,1286.7,1886.26,orange
39,21,9,13.20844373,94.02769434,6.354022554,106.2696156,75.56,21.323,73.3405,monsoon,1030.64,1369.63,orange
16,29,13,32.31944397,93.67804556,6.196907944,117.6236473,60.84,21.7806,74.0886,monsoon,683.44,853.74,orange
36,29,13,20.68185224,90.91510525,7.829507245,109.7513927,72.32,22.813,75.4572,monsoon,944.22,1289.42,orange
37,23,12,31.52675982,90.50621806,6.395258356,113.1169398,46.85,31.1071,80.9328,monsoon,308.68,441.57,orange
39,9,15,25.35467646,91.81183218,7.992041984,116.7555937,88,20.57,71.85,monsoon,1382.39,1744.47,orange
31,5,14,17.66545409,91.69865887,6.583411671,110.6857506,44.65,27.2092,73.0747,monsoon,261.89,349.32,orange
18,12,8,12.59093977,91.81668769,6.206053072,119.3916718,54.31,26.6715,71.0406,monsoon,483.07,697.87,orange
20,20,10,11.86631922,93.68394562,6.976997772,106.060149,68.82,18.9311,72.271,monsoon,813.16,1212.65,orange
5,8,5,11.03367937,92.22706805,6.562594972,112.7715925,75.29,16.8746,79.9749,monsoon,1020.86,1376.56,orange
20,8,12,25.2990432,94.96419851,7.260416405,117.9733424,74.14,21.2596,76.0997,monsoon,1055.21,1236.08,orange
25,21,11,32.23797837,90.15406807,6.460044778,104.7052254,100,13.8985,81.3197,monsoon,3685.45,4976.15,orange
14,19,14,17.68408797,94.35815354,6.699164936,108.0638166,69.52,16.0854,80.6592,monsoon,933.86,1094.05,orange
37,18,12,10.2708877,90.19147747,7.401121811,106.6955204,86.15,19.6581,79.857,monsoon,1340.79,1687.4,orange
26,15,6,17.22034507,94.78797376,6.912033409,108.0054343,100,11.022,84.2069,monsoon,3379.6,4284.79,orange
13,22,5,19.667056,90.50096668,7.764040111,100.1737964,100,14.8125,85.877,monsoon,4593.07,6693.03,orange
32,25,9,10.35609594,93.75652041,7.796034006,101.1456947,73.79,17.9616,85.6162,monsoon,976.87,1325.36,orange
19,7,9,27.255435,91.71369387,6.969883483,101.139435,89.97,20.4479,69.8462,monsoon,1407.06,1844.14,orange
28,7,9,34.5917846,92.13229786,6.730757538,115.5650287,100,9.3048,68.9524,monsoon,3475.39,4963.13,orange
24,30,11,32.39523995,94.51768464,6.601395755,113.25373,86.21,22.6037,86.7205,monsoon,1306.46,1708.63,orange
7,17,10,10.16431299,91.22320999,6.465913274,106.362551,74.49,15.6167,68.5578,monsoon,974.32,1391.88,orange
18,23,8,21.49118657,93.43949693,6.41354791,101.4819888,100,11.9658,79.6764,monsoon,3563.13,5164.67,orange
7,20,12,16.53460397,94.76759975,6.475275337,110.0447896,45.11,28.1776,73.7557,monsoon,272.68,345.54,orange
20,23,11,31.8520694,90.12220323,6.407715561,109.9455062,100,9.975,81.1374,monsoon,2066.43,2527.16,orange
18,14,11,28.04799508,90.00621688,6.550814117,117.1311498,47.71,28.0561,84.8721,monsoon,323.98,481.76,orange
34,11,10,31.75048899,94.59551226,7.36220835,115.1989301,100,12.752,81.2889,monsoon,3338,4756.53,orange
20,29,10,29.07412717,93.27189064,7.36549204,100.7896871,72.74,20.4388,87.9858,monsoon,1019.69,1201.2,orange
37,24,13,19.14381903,90.71037456,7.8546243,108.0230792,72.3,20.2173,85.1973,monsoon,937.37,1298.85,orange
12,8,10,16.14820285,91.4448027,7.995848977,107.4287664,60.33,18.0202,83.3392,monsoon,653.83,873.66,orange
34,10,14,34.05296914,92.05811721,6.725600855,116.8020848,100,13.6765,69.6491,monsoon,1984.94,2958.65,orange
6,13,9,34.51423957,90.56151463,7.786725333,118.3271968,100,12.6009,71.7064,monsoon,3532.95,5196.37,orange
27,30,5,32.71748548,90.54608254,7.656978112,113.328978,100,11.053,74.8053,monsoon,3866.77,5521.42,orange
13,8,12,25.16296632,92.54736032,7.105904818,114.3117197,68.93,22.2991,87.0626,monsoon,908.49,1100.25,orange
6,7,7,27.68167318,94.47316879,7.199106204,113.9995146,43.54,25.7133,79.5015,monsoon,223.31,308.31,orange
40,17,15,21.35093384,90.9492967,7.871063004,107.0862095,57.05,29.5593,78.4491,monsoon,543.08,805.92,orange
31,26,9,11.69894639,93.25638873,7.566165721,103.2005992,52.1,26.8152,72.5633,monsoon,448.37,587.05,orange
61,68,50,35.21462816,91.49725058,6.793245417,243.0745066,100,13.3238,73.2985,monsoon,1903.88,2798.81,papaya
58,46,45,42.39413392,90.79028064,6.576261427,88.46607497,100,12.9341,79.5352,summer,2386.25,1282.73,papaya
45,47,55,38.4191628,91.14220381,6.751452932,119.2653877,93.56,16.7,72.3827,monsoon,1422.5,2066.5,papaya
39,65,53,35.33294932,92.11508608,6.560743093,235.6133585,48.8,25.5256,82.7654,monsoon,344.53,512.86,papaya
31,68,45,42.92325255,90.07600528,6.938313356,196.2408242,45.64,24.8013,84.2707,monsoon,287.53,392.13,papaya
70,68,45,33.83508569,92.85470152,6.991626158,203.4044028,100,10.437,74.9554,monsoon,3017.5,4427.68,papaya
68,62,50,33.20258348,92.76437927,6.977700268,197.5282582,100,20.6028,85.5129,monsoon,1645.25,2277.33,papaya
34,65,47,23.48546973,93.71043692,6.833768535,191.7760562,58.91,21.0326,69.9471,monsoon,630.34,795.39,papaya
38,68,54,29.33710543,90.81781439,6.739170045,202.0572747,56.15,25.0097,83.6773,monsoon,520.91,776.85,papaya
69,64,47,40.21199348,94.50766912,6.993473247,186.6762324,100,10.3226,69.6471,monsoon,3912.71,5092.09,papaya
58,51,47,42.13473976,91.70445386,6.757470637,197.402901,100,12.4338,85.7692,monsoon,3339.43,4007.92,papaya
59,47,53,32.86316618,91.4618874,6.850663232,47.271547,60.43,22.0106,75.224,summer,933.35,507.57,papaya
44,64,54,29.80744318,91.38048469,6.74274935,232.7046126,54.42,27.2643,68.8892,monsoon,519.46,659.76,papaya
56,57,48,31.56213762,93.0484859,6.506120752,63.62250788,47.66,31.0974,84.3292,kharif,379.04,384.73,papaya
69,60,54,36.32268069,93.06134398,6.98992719,141.1736926,79.91,15.9792,76.9622,monsoon,1111.41,1558.46,papaya
56,58,49,37.13165026,94.60761797,6.69215564,172.4788062,73.56,22.993,69.5484,monsoon,1010.83,1258.52,papaya
49,55,53,38.4418717,93.63739039,6.544029776,77.71566883,53.36,22.1793,80.922,summer,671.22,371.68,papaya
38,51,52,32.66160599,90.78931681,6.927803911,78.85085502,66.56,17.9124,68.631,summer,1143.17,640.93,papaya
54,65,47,27.92765919,91.55594211,6.721835879,149.9107557,100,9.3638,77.4858,monsoon,3703.3,4857.39,papaya
57,57,51,39.01793345,91.48815629,6.99223441,105.8841531,100,9.8687,84.8897,monsoon,3436.33,4178.8,papaya
39,52,53,32.51247398,94.65904123,6.704204398,51.07048113,62.73,23.5629,76.3382,summer,1028.43,512.74,papaya
58,67,45,38.72382798,91.72514851,6.702424548,62.62377075,68.51,21.661,86.5337,summer,1239.29,636.64,papaya
61,64,52,43.30204933,92.83405443,6.641098708,110.562229,44.13,30.2766,68.6329,monsoon,244.91,329.92,papaya
34,62,55,27.58548913,90.72526502,6.585346229,238.5008779,78.9,21.7549,71.5414,monsoon,1098.46,1524.1,papaya
31,48,45,40.78881819,92.90951393,6.563134737,132.7923586,88.72,16.8731,74.4563,monsoon,1372.42,1798.52,papaya
47,46,52,23.19451074,91.40301608,6.502289473,206.3999208,53.93,30.0977,81.1649,monsoon,502.18,649.7,papaya
32,68,52,32.68067385,92.61715632,6.800321319,248.8592986,78.23,16.125,80.8503,monsoon,1084.46,1485.08,papaya
36,59,46,34.28879307,93.61082872,6.721130543,127.2509777,43.21,26.2794,77.7135,monsoon,235.1,276.2,papaya
61,51,51,39.30050027,94.16193416,6.574677594,120.9512466,48,28.9733,74.3201,monsoon,351.14,437.6,papaya
70,54,46,39.73149053,91.12220596,6.919342407,122.7628653,77.51,17.3617,70.0193,monsoon,1120.93,1398.58,papaya
44,56,49,39.23342464,91.25589286,6.519779583,64.4478499,43.15,31.3772,84.1114,summer,320.74,173.91,papaya
34,68,51,27.34734861,94.17756725,6.687088098,40.35153141,94.43,14.0119,72.7061,rabi,1894.89,1474.14,papaya
50,59,47,40.76998685,92.09278584,6.747975732,209.8678411,45.43,31.698,70.2432,monsoon,284.52,368.57,papaya
39,70,52,26.26559543,90.79668055,6.65149129,59.49373381,70.48,21.8036,84.1887,rabi,1161.57,878.26,papaya
34,61,49,28.12971499,93.3210737,6.502675132,117.8201907,72.09,18.6221,86.9077,monsoon,950.29,1250.28,papaya
44,60,55,34.2804607,90.55561637,6.825371185,98.54047745,50.13,24.274,82.8544,summer,580.17,297.85,papaya
31,62,52,33.7960155,93.00754254,6.99104104,182.026807,49.24,25.3195,85.7675,monsoon,377.01,493.05,papaya
65,62,51,31.53243779,90.87394933,6.511624841,207.0735119,53.29,26.5,87.8361,monsoon,470.81,652.75,papaya
44,57,53,42.30495821,90.51431779,6.93172108,74.876786,42.13,29.38,83.0907,summer,284.69,159.19,papaya
50,47,48,24.63676897,90.61964344,6.712772333,218.2299187,100,14.4888,83.6082,monsoon,2447.22,2897.87,papaya
43,50,48,28.28222883,91.37059792,6.63016515,179.2720807,54.86,28.2569,78.0966,monsoon,549.05,649.44,papaya
60,46,53,24.48620746,92.98254537,6.761953186,183.49095,81.71,20.9972,74.9823,monsoon,1231.35,1519.23,papaya
70,68,55,42.84609252,94.63548176,6.691202286,78.8099639,100,11.646,75.8118,summer,2513.24,1211.85,papaya
59,62,52,43.67549305,93.10887229,6.608667684,103.8235658,100,12.5669,70.5526,monsoon,3416.41,4571.19,papaya
60,58,51,42.07213781,92.92203105,6.840802254,165.7412972,54.94,31.9861,68.4198,monsoon,507.11,700.22,papaya
42,60,47,33.46873719,92.12746225,6.834808348,136.8277041,100,13.9584,82.6438,monsoon,3672.42,4419.53,papaya
35,66,47,31.7018373,91.66232213,6.953439161,48.83810592,77.32,23.4182,70.9431,kharif,1126.47,1375.15,papaya
34,65,48,41.41968393,90.03863107,6.665024508,199.3096432,100,12.1373,69.177,monsoon,3558.88,5011.3,papaya
36,54,46,42.54744013,94.94482086,6.662875839,214.4103848,100,10.3849,78.7466,monsoon,2069.5,2667.93,papaya
39,64,52,28.91842453,94.63676767,6.678695788,63.68794608,68.61,15.4855,69.7359,kharif,888.18,1091.85,papaya
37,52,47,43.08022702,93.90305729,6.54277684,211.8529059,77.77,22.5989,75.9872,monsoon,1080.91,1450.58,papaya
33,47,46,29.20300896,93.96834049,6.839443833,209.4083305,84.59,19.133,70.0399,monsoon,1294.06,1620.6,papaya
34,48,48,41.04224355,91.37258067,6.805277038,181.527598,100,13.8993,77.7845,monsoon,3581.82,4592.07,papaya
49,54,50,25.62446619,93.18240298,6.762522087,97.26336657,49.86,24.8372,87.0728,rabi,489.94,382.72,papaya
40,65,49,35.32876402,91.06138506,6.678449318,163.9069365,64.79,21.4539,80.2667,monsoon,791.85,990.04,papaya
68,52,49,24.42561272,92.27749066,6.577192175,63.35298768,49.94,24.4925,70.5993,rabi,482.65,403.72,papaya
50,46,52,31.18298415,90.21646909,6.734005648,54.01872359,53.96,26.8876,79.7078,kharif,525.37,628.76,papaya
65,63,50,31.88342554,91.3256535,6.524459342,79.27201575,100,9.4836,85.8532,kharif,2534.32,2774.32,papaya
40,49,47,42.93368602,91.1756748,6.501521192,246.3613268,53.34,24.2787,71.964,monsoon,510.1,601.17,papaya
42,53,48,23.11407669,94.31994776,6.758479569,231.5153161,100,8.7342,77.6648,monsoon,3379.31,4516.01,papaya
49,55,51,24.87212063,93.90560147,6.676578778,135.1694525,52.72,28.6299,84.8269,monsoon,473.3,591.01,papaya
59,62,49,43.36051537,93.35191636,6.941496806,114.778071,100,10.5048,79.5919,monsoon,2740.31,4093.82,papaya
63,58,47,26.83054058,90.75379971,6.864143752,144.6656444,77.22,18.2849,81.394,monsoon,1124.93,1376.25,papaya
70,65,52,30.42012134,93.12659793,6.583528529,75.95295,83.87,19.2984,68.2036,kharif,1398.07,1439.74,papaya
63,50,52,28.64555584,93.22642604,6.751747609,115.8163936,73.69,20.2805,68.6599,monsoon,934.53,1378.17,papaya
40,64,47,32.50037548,93.47888842,6.893509446,71.73759526,67.99,15.8922,81.862,summer,1179.36,670,papaya
63,58,50,43.03714283,94.6428898,6.720744449,41.5856585,68.5,19.1462,83.3148,summer,1194.66,676.09,papaya
45,58,49,30.10773379,90.34546355,6.827812549,75.24521981,77.42,20.6812,84.768,kharif,1212.67,1275.25,papaya
66,69,47,23.69212243,93.61055571,6.912299695,87.53393983,100,14.8184,81.2299,rabi,3261.32,2772.26,papaya
54,67,52,35.67667332,93.30641944,6.586107335,141.3381168,52.16,31.2582,81.3797,monsoon,462.71,571.47,papaya
69,67,52,27.71948962,94.43877142,6.827305908,82.83061083,42.22,26.8187,71.3681,rabi,242.75,194.55,papaya
67,68,49,35.26824831,92.38282957,6.821774589,149.8488208,43.2,27.6048,78.3752,monsoon,231.71,288.55,papaya
45,57,47,23.16855863,90.78821158,6.656458831,161.6892093,95.91,16.3,86.6224,monsoon,1506.85,2112.98,papaya
56,50,52,33.08706051,92.25197542,6.770384816,88.1300769,70.75,23.0845,79.537,summer,1337.31,651.72,papaya
70,50,53,37.4620912,90.44967809,6.933809743,172.3458448,94.48,16.0331,75.2792,monsoon,1476.95,2059.8,papaya
44,47,45,38.73218907,94.73613484,6.579441304,218.142147,100,9.5684,80.6548,monsoon,1787.48,2498.79,papaya
50,60,47,32.57720726,92.74889453,6.92791761,93.7942847,100,9.641,74.2418,summer,3987.75,2262.81,papaya
52,51,53,38.38231475,93.10378595,6.985804083,210.2735346,41.34,25.0531,80.8279,monsoon,174.46,236.04,papaya
35,68,45,42.93605359,90.09448142,6.612429546,234.8466111,51.24,26.6918,81.2961,monsoon,453.99,543.21,papaya
68,69,52,25.65492304,92.74501561,6.813383387,52.95477913,55.75,17.0551,72.5807,rabi,682.01,522.07,papaya
32,55,52,37.58899717,91.99740365,6.9677596,159.6577388,85.66,20.5631,84.7292,monsoon,1316.5,1675.1,papaya
32,55,51,29.60718808,93.15642801,6.57398033,62.68710535,100,11.0103,76.7469,kharif,2261.37,2582.65,papaya
48,62,47,25.34756111,93.02871078,6.803094965,174.4012337,83.74,15.4296,87.0639,monsoon,1285.96,1581.08,papaya
39,69,53,25.9300384,93.02357765,6.964955435,241.8202079,92.25,17.2081,87.599,monsoon,1404.86,1990.03,papaya
49,61,45,32.76795887,94.57377401,6.764213299,240.4795923,55.09,28.3405,77.8126,monsoon,493.63,717.21,papaya
48,57,54,29.02328049,90.20396783,6.617703178,126.8069869,100,11.0307,87.3433,monsoon,3833.66,4891.44,papaya
69,66,49,40.00439101,90.17015833,6.52711001,92.11877372,100,10.6202,73.2575,summer,2652.18,1481.13,papaya
53,55,55,33.32315744,91.25271223,6.709668804,234.496633,61.46,28.9831,85.1162,monsoon,665.61,935.02,papaya
38,61,52,31.22790131,94.94021378,6.620729882,46.44279118,74.06,21.3341,68.5601,kharif,1021.24,1276.24,papaya
57,64,55,26.68386496,92.9585411,6.583760499,62.50689682,54.66,31.9051,81.3372,rabi,667.55,467.75,papaya
51,57,55,24.70528368,90.14732171,6.676407337,108.4103158,92.78,22.2796,78.237,monsoon,1416.88,2028.54,papaya
56,65,45,38.2016825,93.97379963,6.751298936,218.0908814,75.26,22.9224,85.5995,monsoon,1061.02,1309.16,papaya
54,66,52,36.56769731,93.79503425,6.867554147,104.4218596,48.57,29.6534,73.8626,monsoon,338.56,494.83,papaya
58,55,47,26.05375792,93.69111672,6.742490027,240.6863901,100,8.895,77.0095,monsoon,3363.13,4768.31,papaya
68,70,54,31.29986342,92.76039164,6.986228647,54.77830202,100,12.7057,84.985,kharif,2978.97,3593.33,papaya
42,59,55,40.10207731,94.35110201,6.979102243,149.1199989,82.96,18.7457,79.6243,monsoon,1212.15,1618.86,papaya
43,64,47,38.58954491,91.58076549,6.825664782,102.2708231,49.27,30.7097,76.8196,monsoon,397.55,477.47,papaya
35,67,49,41.31330062,91.1508798,6.617066674,239.7427554,78.11,23.1223,84.4263,monsoon,1102.49,1463.26,papaya
56,59,55,37.03551903,91.79430166,6.551892638,188.5181422,100,14.2308,73.7397,monsoon,3736.99,5416.92,papaya
39,64,53,23.0124018,91.07355541,6.598860305,208.3357976,75.43,17.562,83.3345,monsoon,992.07,1432.38,papaya
18,30,29,26.7627493,92.86056895,6.420018717,224.5903664,62.36,26.9271,75.6177,monsoon,709.85,924.85,coconut
37,23,28,25.61294367,94.3138837,5.740054567,224.3206759,56.98,29.2617,70.6033,monsoon,565.18,749.55,coconut
13,28,33,28.130115,95.64807631,5.686972967,151.0761899,42.17,31.0654,75.087,monsoon,195.06,246.88,coconut
2,21,35,25.02887163,91.53720922,6.293662363,179.8248944,100,8.3939,79.0251,monsoon,2152.29,3091.7,coconut
10,18,35,27.79797651,99.64573002,6.381975465,181.6942283,88.6,22.0196,73.7982,monsoon,1344.67,1782.89,coconut
7,11,32,29.25902906,95.11294697,5.542169139,184.7624496,45.61,28.7625,70.3702,monsoon,284.92,359.95,coconut
39,5,31,27.10134661,93.69979946,5.551963184,150.9502632,58.6,29.8307,82.5155,monsoon,576.02,847,coconut
34,6,27,25.84726298,90.92669463,5.860740481,147.8888994,77.81,20.9149,85.4472,monsoon,1057.4,1504.67,coconut
31,30,29,26.58580443,90.98617591,5.558807063,178.8116076,62.66,23.5651,73.5439,monsoon,759.75,891.28,coconut
25,7,35,28.38503882,99.18843684,5.55771171,189.6711349,100,13.5679,68.9688,monsoon,3002.44,3958.75,coconut
16,18,26,28.43647052,91.81320717,5.568365926,145.5414413,100,11.3082,79.1973,monsoon,2085.64,2566.9,coconut
26,10,33,28.27298134,96.93649473,6.07071786,198.8234862,73.54,18.6754,71.8479,monsoon,937.46,1339.83,coconut
27,8,32,27.00648436,96.46168931,5.627860549,144.3331315,87.63,18.8255,75.848,monsoon,1295.23,1805.38,coconut
37,18,30,27.63551259,99.34854917,6.38488418,157.9171537,79.09,23.9347,77.3615,monsoon,1087.88,1493.21,coconut
19,15,34,26.29644905,99.65809151,5.685889066,215.9195049,82.57,20.0088,80.446,monsoon,1151.23,1638.74,coconut
0,19,33,27.1326009,95.23797989,6.234458417,204.7206567,57.63,24.0351,74.1429,monsoon,614.47,721.1,coconut
31,20,26,25.56567803,97.61361544,6.443168642,199.7936345,77.36,23.5665,83.7745,monsoon,1129.23,1334.39,coconut
9,17,32,25.94951662,93.40548703,5.842317989,172.0540491,83.98,17.1657,86.1007,monsoon,1230.73,1668.41,coconut
22,11,29,28.03380598,95.01630593,5.955742971,218.0055713,50.11,31.997,82.6909,monsoon,415.21,487.24,coconut
31,6,26,29.12859129,91.30924833,5.741367375,157.2388553,64.58,21.5419,75.09,monsoon,808.78,951.69,coconut
34,6,30,27.0828252,97.00155491,5.948342571,171.7575545,82.5,20.2151,82.1348,monsoon,1165.61,1632.23,coconut
24,6,32,28.11321494,90.01734526,6.387067562,172.4813641,80.11,18.6567,71.9608,monsoon,1199.69,1474.45,coconut
1,8,26,27.5136304,94.18955816,5.562911913,156.6732553,100,9.8914,77.5848,monsoon,2034.1,2562.35,coconut
31,13,33,27.63834933,95.48763389,5.85971872,205.5463111,96.7,23.3453,83.6714,monsoon,1505.29,2136.64,coconut
10,9,28,29.01256899,94.01014388,6.282955073,150.0500312,51.57,27.9016,80.9196,monsoon,410.64,597.24,coconut
36,27,26,26.58413917,95.78923137,6.25449571,171.6262299,48.2,24.4009,71.0664,monsoon,324.65,475.42,coconut
38,24,33,28.28905147,97.00396405,5.973853124,142.9403233,100,11.8476,84.8735,monsoon,2883.65,3928.52,coconut
11,6,25,28.69164799,96.65248672,6.081568052,178.9635457,77.33,20.8849,78.3105,monsoon,1098.21,1380.05,coconut
16,14,30,29.70931288,96.30484325,6.37466756,209.8453993,71.33,19.5927,72.1761,monsoon,929.34,1207.64,coconut
33,14,35,27.14865285,96.66355213,6.027707171,149.2433497,55.05,27.975,70.9772,monsoon,541.98,636.36,coconut
16,6,29,29.28725038,91.95614918,5.868285082,132.1491176,100,11.587,87.2098,monsoon,2657.85,3346.93,coconut
32,11,31,25.06871967,93.31410447,6.205931638,134.8419069,83.08,16.3889,75.4155,monsoon,1280.87,1541.87,coconut
38,14,30,26.92449525,91.20106019,5.570745386,194.9022136,75.13,23.0834,78.4194,monsoon,1025.04,1367.28,coconut
8,6,33,28.27804288,93.64761266,6.095261013,171.9457959,44.89,30.4063,77.0791,monsoon,279.52,328.68,coconut
23,6,33,29.18032562,92.73041222,6.025789594,204.9603677,45.51,24.5581,86.2451,monsoon,291.99,360,coconut
29,25,35,28.3575072,91.64509299,5.542873799,160.7306991,59.87,23.8767,77.5515,monsoon,668.92,821.66,coconut
24,14,33,29.38072512,93.27565685,6.366219551,218.5241851,44.5,24.6142,87.758,monsoon,262.03,328.95,coconut
32,12,30,25.39241091,98.08951196,5.579845008,218.080385,100,10.8957,77.0766,monsoon,1757.5,2200.23,coconut
30,25,31,26.31270635,98.62048026,5.804965067,208.1181381,56.42,29.7726,83.9581,monsoon,564.2,684.75,coconut
14,21,35,29.52501367,91.91185319,6.121005506,194.3100272,100,8.1988,76.2306,monsoon,2663.19,3517.18,coconut
27,22,29,28.83214859,92.17170353,6.000248647,145.4172387,61.43,20.4905,85.2321,monsoon,668.47,922.58,coconut
40,5,29,28.48444906,97.76865458,5.820978791,160.389421,84.76,18.4768,70.9785,monsoon,1190.7,1744.87,coconut
17,11,32,28.74013335,93.39676499,5.620733794,156.7650823,71.36,22.1861,78.3032,monsoon,984.68,1154.87,coconut
30,30,35,25.00872392,95.59224018,6.001936419,165.8092179,46.16,30.4018,71.8302,monsoon,302.71,369.59,coconut
28,10,30,29.8690834,91.14723422,6.305740522,192.7678575,77.28,15.6416,77.9149,monsoon,1090.5,1423.48,coconut
39,7,29,27.54273211,94.59086121,6.362544111,150.2012138,75.12,20.8039,77.5821,monsoon,1020.47,1350.33,coconut
32,20,35,26.52166434,98.38227669,5.588655387,144.6261698,73.91,23.6528,78.8,monsoon,992.57,1281.18,coconut
7,15,32,25.03512351,95.89739958,6.182232762,174.796583,100,10.1865,71.5225,monsoon,2546.98,3110.64,coconut
29,17,29,29.20394909,95.66997327,5.959493188,211.2506267,74.52,15.1683,72.9913,monsoon,1037.05,1281.04,coconut
34,15,34,27.05826457,91.10510371,5.677282678,224.7006953,100,10.3611,79.496,monsoon,4028,5021.16,coconut
14,23,25,26.18552389,96.96637916,5.612122797,135.4186222,52.55,24.5596,73.072,monsoon,472.46,560.57,coconut
18,19,29,27.59376845,92.48519606,6.206077742,162.8432736,100,11.7567,74.9962,monsoon,2448.13,3071.38,coconut
7,21,35,25.76011662,94.65830608,5.764812076,131.2451414,100,12.0891,79.4416,monsoon,2909.22,3883.47,coconut
24,27,34,28.87862994,95.11320315,6.203376525,145.0583117,65.93,21.7295,79.6397,monsoon,832.88,984.06,coconut
39,29,29,26.50908611,94.48414544,6.143662699,199.8778403,100,9.0739,81.2864,monsoon,2839.57,3500.67,coconut
29,8,28,26.87037587,91.72546257,6.100429497,214.4128874,100,12.2557,75.8462,monsoon,3357.58,4562.89,coconut
10,24,27,27.57283516,94.90485697,5.708409601,145.9298935,77.7,23.2433,85.357,monsoon,1046.94,1484.77,coconut
0,29,32,28.05912437,98.3670985,5.868255858,171.6516396,100,12.9112,79.9581,monsoon,3660.79,4446.05,coconut
32,11,31,29.51611558,92.56492864,6.461225827,131.2116167,100,8.4618,78.6547,monsoon,2337.69,3428.22,coconut
37,10,32,28.96318258,95.16333673,6.165084855,222.803013,100,13.2437,81.4991,monsoon,4065.02,5983.05,coconut
20,29,27,25.09897688,92.36099489,6.047044342,157.7592626,56.79,25.1388,71.093,monsoon,583.11,726.05,coconut
31,29,35,27.1872282,92.19906776,6.137102505,141.3220576,87.05,22.3225,77.179,monsoon,1308.89,1776.6,coconut
17,30,27,29.03065024,90.79093862,5.894027065,205.5720367,52.28,24.18,69.0377,monsoon,437.37,630.52,coconut
1,12,30,27.754298,95.94643831,5.56222383,131.0900076,100,8.815,68.6905,monsoon,3453.24,5148.17,coconut
6,13,29,27.31155708,99.96906006,5.832608028,201.8258633,69.55,21.569,71.393,monsoon,850.91,1168.94,coconut
15,28,32,28.84270971,99.64328526,6.218571874,224.4016682,52.02,27.2881,76.592,monsoon,440.84,549.56,coconut
27,24,29,26.61423461,96.97300803,6.142010637,191.006688,74.99,15.3584,76.5903,monsoon,1065.16,1266.21,coconut
3,23,30,29.70143197,95.65754365,6.078807239,215.1968037,93.37,17.3428,75.6648,monsoon,1504.99,1913.42,coconut
8,26,26,25.54759871,91.64194826,5.702484758,212.867626,68.96,17.1425,74.5757,monsoon,826.18,1218.48,coconut
20,28,26,26.37978453,91.49882979,5.547594847,167.0470997,56.03,25.1476,85.9688,monsoon,532.66,748.6,coconut
26,18,27,27.45907759,92.90736493,5.836075368,142.1430003,66.07,17.583,83.4861,monsoon,776.11,1084.08,coconut
1,6,35,27.02269204,95.71935435,6.231662767,147.1682459,47.6,25.451,80.9487,monsoon,318.81,443.52,coconut
27,30,31,28.98545306,90.73966792,5.718120393,148.8398374,100,14.977,82.3342,monsoon,2063.29,2646.4,coconut
23,7,34,26.1055118,91.52421214,5.852038202,134.1279669,82.72,15.3743,70.4764,monsoon,1290.22,1517.65,coconut
0,26,31,25.0707247,95.02156793,5.547933273,192.9036306,87.94,23.335,75.2171,monsoon,1349.04,1763.49,coconut
38,6,25,25.54963273,96.92786777,6.156259104,191.2996157,59.59,31.6784,84.9554,monsoon,606.66,851,coconut
25,12,26,28.56973521,95.67906668,6.436314406,134.8370348,71.01,22.9059,73.4304,monsoon,860.25,1282.43,coconut
40,5,32,26.07010807,96.7036223,5.981169595,143.533473,71.84,16.8774,81.1065,monsoon,886.46,1296.24,coconut
0,19,31,25.51791333,94.38420565,6.271952833,178.7297725,46.48,24.9479,68.8164,monsoon,309.33,390.34,coconut
26,9,32,25.9490364,94.73860514,6.470465614,144.1571109,81.91,16.3061,78.9816,monsoon,1240.41,1508.66,coconut
35,30,34,28.2974764,95.41122824,6.141502001,182.4482352,62.12,23.4833,70.88,monsoon,698.98,906.64,coconut
19,30,30,29.56549169,91.40896307,5.826381164,224.8315729,100,9.9517,70.3987,monsoon,2679.16,3397.48,coconut
31,13,33,29.69952329,95.21224392,6.342463714,148.3003692,81.87,19.2532,74.1944,monsoon,1120.78,1661.9,coconut
17,29,26,26.14162144,93.28415295,6.071897347,195.4115025,89.39,22.5921,76.4349,monsoon,1395.13,1810.64,coconut
2,30,30,26.00175125,94.79998418,6.331051715,209.540094,58.43,28.8451,80.7205,monsoon,607.25,787.02,coconut
30,13,25,27.15116142,91.48889469,6.413184638,164.9182225,78.78,16.499,74.9521,monsoon,1070.42,1548.34,coconut
8,15,33,28.97318719,98.09861043,5.50158009,213.9011021,100,8.7517,68.0943,monsoon,2472.18,3012.13,coconut
18,12,35,26.13958446,96.38580769,6.338720873,131.3387935,65.51,23.3855,73.6637,monsoon,727.96,1087.8,coconut
8,28,30,25.51618488,94.33465411,6.015672239,135.1272491,46.5,30.7347,71.4368,monsoon,307.61,394.22,coconut
40,22,29,27.55821802,99.98187601,5.735364307,174.6256481,100,9.5374,78.7342,monsoon,3579.36,4981.5,coconut
27,10,33,27.81132822,97.48410555,6.465906333,154.0621221,91.05,18.4912,69.3167,monsoon,1496.47,1758.46,coconut
21,20,31,25.60033702,99.7240104,5.855457599,165.8248732,93.16,16.4503,71.9127,monsoon,1394.87,2019.47,coconut
3,9,35,26.91641934,99.84671638,6.318552973,225.6323656,48.71,29.4091,70.9724,monsoon,354.79,442.29,coconut
22,16,27,29.1797902,90.27214288,6.006784979,188.9252083,54.15,31.8576,82.3114,monsoon,505.32,668.07,coconut
27,8,30,26.44600063,98.29937782,6.008386283,221.2258168,100,10.4115,71.3854,monsoon,1975.12,2410.26,coconut
22,8,33,28.43572863,95.8840407,5.665785202,203.9283708,64.75,23.3966,82.6989,monsoon,746.22,1015.56,coconut
28,27,32,28.94099669,93.00109012,5.764615485,191.7723087,48.29,27.6214,87.9153,monsoon,349.41,467.02,coconut
23,21,26,26.45488737,93.45042636,5.901495544,149.2220255,44.96,31.4401,68.9634,monsoon,262.8,357.1,coconut
37,5,34,25.79490531,93.84150618,5.779032666,152.4238712,85.05,22.181,77.6849,monsoon,1286.69,1661.98,coconut
19,26,29,26.93141945,98.80313612,5.67154928,166.5712879,100,10.5987,68.3028,monsoon,2196.52,2944.6,coconut
133,47,24,24.40228894,79.19732001,7.231324765,90.8022356,100,9.1707,68.0388,rabi,2358.2,1804.83,cotton
136,36,20,23.09595631,84.86275707,6.925412377,71.29581071,54.24,25.2071,85.2933,rabi,636.21,534.99,cotton
104,47,18,23.9656349,76.97696717,7.633437412,90.75616738,59.67,22.4209,74.649,rabi,824.04,699.16,cotton
133,47,23,24.88738107,75.62137159,6.827354668,89.76050416,78.5,21.458,72.1822,rabi,1507.94,1051.97,cotton
126,38,23,25.36243778,83.63276077,6.176716425,88.43618918,59.58,21.4537,76.2736,rabi,833.8,636.35,cotton
126,50,19,24.69457084,81.7358876,6.628722836,78.58494391,82.11,18.672,76.0856,rabi,1604.04,1123.46,cotton
113,41,20,25.0017188,80.53965818,7.256877571,96.32600992,100,8.5355,75.6587,rabi,3113.35,2480.88,cotton
121,45,22,22.45942937,81.30681027,6.443785385,64.23026638,69.69,16.9882,87.2712,rabi,1133.34,926.42,cotton
121,47,16,23.60564038,79.29573149,7.723240151,72.49800885,100,8.1979,83.266,rabi,3436.65,2334.19,cotton
129,60,22,24.58453146,79.12404171,5.947448589,71.94608134,47.24,25.2117,85.0763,rabi,443.04,364.77,cotton
107,45,25,23.0865933,83.55546146,7.227745516,71.84080724,100,10.7207,69.6669,rabi,2763.08,2116.06,cotton
122,59,18,23.5000992,83.63488952,6.219469084,79.81328183,100,14.0852,83.5835,rabi,2751.03,2066.8,cotton
140,38,15,24.1472953,75.88298598,6.021439523,69.91563467,72.21,15.7637,80.7973,rabi,1212.17,1025.46,cotton
102,49,21,24.69315538,84.84422454,6.253343655,89.799462,100,12.3324,82.0273,rabi,3143.66,2482.65,cotton
111,40,25,24.484692,84.44932014,6.187455799,90.94342484,72.23,17.0681,72.5846,rabi,1269.65,892.91,cotton
131,35,18,24.49112609,82.24415809,7.057693366,64.02949379,40.09,28.1317,85.1445,rabi,214.92,171.38,cotton
135,43,16,23.47986888,81.73049149,6.720449769,86.76287924,41.55,30.1995,82.1523,rabi,274.74,192.45,cotton
100,46,18,24.18586246,76.04203958,6.431689506,69.08056728,100,12.3806,83.9879,rabi,2181.12,1656.45,cotton
123,39,24,25.00755095,78.17952126,7.453106264,86.06411872,100,9.7722,78.597,rabi,2715.36,2323.7,cotton
117,56,15,25.99237426,77.0543546,7.368258226,89.1188212,100,9.1602,73.2955,rabi,3234.82,2536.86,cotton
121,36,24,23.66457347,81.69105088,7.352401887,99.36898373,100,12.0214,75.8468,rabi,2577.62,1940.66,cotton
101,58,18,25.66891439,81.38103349,6.652143699,78.59595817,60.25,23.9214,69.6846,rabi,882.39,630.86,cotton
107,42,24,22.04612876,84.62978302,6.144631795,86.00758678,100,8.7181,82.0515,rabi,3230.78,2256.39,cotton
100,41,22,22.4204752,84.55794703,7.318802162,93.46595573,100,10.3927,70.1458,rabi,2608.99,2248.34,cotton
125,39,21,25.03149561,82.21276599,7.954629324,95.0191318,42.17,25.3244,78.5257,rabi,274.66,230.16,cotton
105,60,23,23.53371386,77.21705554,6.207652157,87.54004943,100,10.1942,87.899,rabi,3139.65,2328.84,cotton
102,46,19,22.77076388,82.5993307,6.631005298,81.49543437,100,10.8377,75.6273,rabi,3667.58,2615.61,cotton
131,49,22,25.49848236,79.9751579,7.306918817,67.05961949,62.93,23.0525,84.8953,rabi,914.93,775.71,cotton
139,35,15,25.248679,83.4630147,5.898293044,86.55517751,42.27,31.1598,86.5413,rabi,294.27,202.34,cotton
108,36,19,22.78249615,77.51235009,7.238566893,64.61444234,53.56,24.5295,73.3325,rabi,642.66,530.5,cotton
118,45,23,23.37044424,77.43198948,7.977651226,71.67870701,73.69,21.9729,83.3219,rabi,1269.21,1037.47,cotton
107,51,22,24.86560781,78.22080815,5.983075895,79.56866268,100,13.8005,69.7332,rabi,2641.16,1874.23,cotton
125,60,17,24.14386157,84.51591287,6.785723961,80.36146974,43.36,26.4209,81.5549,rabi,320.73,232.97,cotton
113,37,20,25.03300222,79.04368718,7.393441155,97.10087029,100,11.758,69.8061,rabi,3749.08,2919.91,cotton
131,52,16,23.65724079,84.47601498,6.486068274,88.54479121,76.45,18.0435,69.7084,rabi,1396.24,1004.94,cotton
115,48,16,25.54359718,84.09229796,7.175934962,88.94245493,41.41,28.9162,87.7288,rabi,243.55,208.45,cotton
113,38,25,22.00085141,79.47270984,7.388265888,90.42224164,41.43,25.3297,75.2263,rabi,262.06,215.9,cotton
111,41,18,23.64328417,78.1258666,6.10539819,80.96157332,40.12,25.2296,70.8076,rabi,239.83,167.27,cotton
111,53,19,23.96436009,78.02763149,6.419536555,84.63148859,87.06,14.0514,84.5776,rabi,1785.88,1236.11,cotton
122,48,16,24.65425757,75.6350708,6.307585854,61.82980133,67.8,22.1755,86.21,rabi,1085.56,901.96,cotton
108,46,17,24.3017998,84.87668973,6.93221485,65.0247867,57.91,21.599,78.2643,rabi,753.59,623.63,cotton
132,41,22,24.29144926,81.02453404,7.810865753,90.41694635,91.96,11.5322,73.6872,rabi,1871.89,1427.71,cotton
103,42,17,24.29470232,84.61527627,6.527541661,81.05902285,53.67,27.8764,87.8738,rabi,649.94,480.59,cotton
133,50,25,25.72180042,81.19666206,7.569454601,99.93100821,71.45,21.8682,71.1276,rabi,1237.56,905.33,cotton
127,37,18,24.87663664,76.30050373,7.041065585,91.9223468,42.06,25.3401,81.8446,rabi,305.42,221.29,cotton
110,39,25,22.60612115,77.34264002,7.208795456,75.13617229,100,14.1637,72.6608,rabi,3299.96,2505.98,cotton
131,38,19,23.86814008,75.68339729,6.814341946,90.4547185,64.41,22.309,74.6612,rabi,1031.68,746.98,cotton
108,38,24,23.41022496,76.43836957,7.442217061,78.82199603,100,8.7302,81.5025,rabi,3607.04,2446.12,cotton
122,40,17,24.96440768,81.31677618,6.854558957,80.03995829,67.72,18.5072,72.6043,rabi,1102.16,836.54,cotton
111,50,15,25.16820129,80.30351815,7.884550475,84.62419032,54.4,19.8355,70.1938,rabi,663.99,539.48,cotton
140,40,17,22.72767171,77.07598065,6.006085786,77.55176318,77.23,15.3929,74.4669,rabi,1393.67,1109.66,cotton
100,40,20,22.45145981,76.25674874,7.432043735,86.84998693,47.06,28.0854,86.3455,rabi,476.78,326.6,cotton
123,50,16,23.04920461,75.53835214,6.498052108,70.65644296,52.27,24.4146,73.971,rabi,600.74,513.3,cotton
107,36,21,25.29250148,75.66653335,6.205263534,62.64174227,100,9.795,81.6345,rabi,3906.3,2882.52,cotton
118,50,19,22.95604064,82.33733678,6.360812227,66.48339303,100,12.9199,70.5962,rabi,3103.58,2360.21,cotton
103,51,20,22.80213132,84.14668447,7.046607434,91.6389565,77.05,21.6207,75.575,rabi,1389.22,1056.72,cotton
133,57,19,23.54234715,75.98203329,7.947011366,84.12536744,76.01,17.819,72.9487,rabi,1372.68,1063.73,cotton
129,47,20,24.41212325,80.80343786,6.281913858,98.60457373,66.16,16.4548,86.6538,rabi,1051.25,803.67,cotton
116,52,19,22.94276687,75.37170612,6.114525877,67.08022574,48.61,29.2955,86.882,rabi,501.9,402.41,cotton
114,40,23,25.53676123,81.13668716,6.753978061,95.4262599,89.07,9.6792,87.0824,rabi,1758.32,1386.04,cotton
131,60,17,25.32023717,81.79475917,7.425041316,83.46532547,100,12.533,79.863,rabi,3012.99,2148.8,cotton
107,43,18,22.426733,81.53480799,6.745104394,65.54475812,95.34,9.4756,74.1562,rabi,2057.35,1402.9,cotton
123,44,21,25.78544484,75.00539324,7.641116569,91.39578861,75.44,22.1532,81.6817,rabi,1357.42,1052.65,cotton
112,49,25,25.68959532,77.90621048,6.470135478,66.19426787,100,8.7725,87.4411,rabi,3286.04,2480.77,cotton
119,44,15,22.14593688,82.8597549,7.091992365,60.65381719,100,13.2263,71.7414,rabi,2793.7,1951.68,cotton
130,59,19,25.07278712,82.50257909,6.520403794,93.51042684,47.37,28.6327,86.2849,rabi,439.53,355.39,cotton
127,53,24,22.21506982,76.17851932,6.127939628,70.40557612,71.09,16.6316,79.3841,rabi,1219.3,939.1,cotton
134,52,18,23.9643129,76.59175937,7.994679507,76.13090645,45.81,24.445,79.2435,rabi,434.25,297.94,cotton
109,36,18,25.40059227,76.53237965,7.524707577,62.5138867,66.59,23.9461,69.9529,rabi,1074.59,829.94,cotton
100,48,17,23.7805123,83.03878838,7.827877818,66.26555904,100,12.1601,83.2364,rabi,3279.61,2594.92,cotton
132,52,19,24.16402322,76.7433897,6.436691764,61.94626051,100,10.1511,80.0888,rabi,2916.57,2305.56,cotton
102,37,25,25.31468463,77.91757121,5.907930899,72.82902109,100,14.4184,81.2618,rabi,3209.77,2256.27,cotton
111,39,22,22.60361557,80.3509046,6.135025006,88.57395505,42.22,27.7263,74.8739,rabi,284.97,232.11,cotton
117,51,15,22.9535715,78.71555832,6.044556594,99.75336197,69.35,21.1742,86.6287,rabi,1116.74,943.22,cotton
136,36,24,22.74446976,80.41198458,7.59781958,90.07326633,100,14.0588,85.1971,rabi,4331.18,3498.57,cotton
134,56,18,23.80834611,83.91902605,6.691268104,70.97358303,46.37,31.3323,79.3684,rabi,396.32,336.63,cotton
112,54,15,25.46228792,81.56641891,6.175492306,76.88582484,44.93,25.5628,81.5046,rabi,374.57,285.61,cotton
105,56,15,25.96779712,81.97904282,7.272316209,74.14169043,71.79,20.7279,68.2343,rabi,1190.4,985.32,cotton
140,45,15,25.5308271,80.04662756,5.801047545,99.39557151,71.05,17.4425,70.0185,rabi,1181.43,961.29,cotton
126,46,25,24.43847399,81.69801729,6.757457943,60.79645852,59.6,20.4592,86.8476,rabi,814.75,675.56,cotton
106,49,24,23.03887865,76.47039772,6.983395573,90.64770699,67.38,21.3392,85.2257,rabi,1078.33,878.05,cotton
121,53,19,23.51308653,76.72621429,7.976889498,80.11272117,61.63,17.8398,68.651,rabi,928.71,692.26,cotton
108,60,17,22.75805656,76.75768356,6.558902588,97.76600619,49.06,24.1806,76.7724,rabi,539.67,372.84,cotton
116,56,17,24.71252544,77.7293114,7.979090365,85.24963302,62.57,18.3159,84.0024,rabi,907.04,777.1,cotton
100,52,19,23.45969093,82.44777468,7.903528673,93.50153555,68.24,21.4488,69.5814,rabi,1107.65,855.97,cotton
129,43,16,25.5503704,77.85055621,6.73210948,78.58488484,100,9.1502,86.9048,rabi,3019.32,2507.63,cotton
118,44,23,22.08458267,82.82904143,6.691690476,67.06459777,69.79,20.0501,85.271,rabi,1156.25,891.81,cotton
117,43,25,24.68854799,78.51206972,7.839849298,69.31153566,100,8.6523,72.2628,rabi,2427.26,1907.66,cotton
126,37,21,25.84997269,84.16855231,6.61448588,77.03421249,100,13.3884,85.114,rabi,2517.82,2112.18,cotton
120,48,16,22.46054478,75.40989245,7.456971816,71.85436078,66.87,17.5471,68.2239,rabi,1077.43,852,cotton
102,45,16,23.65629976,77.52425987,7.2942193,74.8984994,72.88,22.4911,85.8436,rabi,1301.37,940.32,cotton
131,56,20,22.00817088,81.83896111,7.762647875,92.23645249,45.68,30.717,74.3926,rabi,388.04,315.95,cotton
114,40,17,24.32630461,80.13456404,6.363406102,69.45072055,50.37,31.1398,84.1877,rabi,545.11,430.58,cotton
101,37,18,22.92360984,82.68738535,7.63737841,92.91915074,100,13.3635,69.013,rabi,3293.52,2355.41,cotton
106,46,20,23.43821725,78.63388824,6.200671976,81.15072105,47.15,28.6041,83.4455,rabi,463.57,334.51,cotton
113,38,20,22.10718988,78.58320116,6.364729934,74.94136567,100,8.1868,69.774,rabi,3870.03,3163.29,cotton
102,53,21,23.03814028,76.11021529,6.913678684,91.49697481,52.36,24.8926,71.6798,rabi,616.41,494.97,cotton
110,39,18,24.54795322,75.39752705,7.766259769,63.88079866,93.23,11.969,76.8403,rabi,2011,1364.54,cotton
107,58,15,23.73868041,75.77503808,7.55606399,76.63669195,100,8.7113,78.3699,rabi,3316.94,2701.85,cotton
120,60,15,22.31871914,83.86129998,7.288377241,65.35747011,64.05,21.0904,77.5548,rabi,1007.23,701.16,cotton
89,47,38,25.52468965,72.24850829,6.002524871,151.8869972,100,11.3842,82.7849,monsoon,2383.76,3188.14,jute
60,37,39,26.59104992,82.94164078,6.033485257,161.2469997,82.32,18.719,73.1109,monsoon,1256.6,1592.69,jute
63,41,45,25.29781791,86.8870535,7.121933579,196.6249511,66.22,17.5245,70.3028,monsoon,844.32,1043.19,jute
86,40,39,25.72100868,88.16513579,6.207459637,175.6086697,100,14.0345,72.8432,monsoon,3170.16,4063.54,jute
96,41,40,23.58419277,72.00460848,6.090060478,190.4242157,50.64,26.325,70.4097,monsoon,437.13,646.41,jute
100,35,36,25.31042337,72.01364411,6.346715209,190.5577618,65.36,22.0705,81.1428,monsoon,823.33,1113.01,jute
63,37,43,23.41798979,85.08640476,6.661957897,185.7446728,100,10.1671,80.4557,monsoon,1945.95,2867.09,jute
70,43,40,24.35564134,88.80391021,6.176860192,169.1168028,46.47,24.7719,85.7669,monsoon,317.55,415.99,jute
67,55,44,26.284017,75.14640198,7.251847296,182.2685447,79.89,19.4963,81.5439,monsoon,1137.63,1641.82,jute
74,40,40,25.13842773,83.12053888,6.386259978,169.3388465,54.73,27.1859,84.3549,monsoon,545.7,700.51,jute
89,53,44,24.88692811,71.91711523,7.319735475,150.2498675,57.49,29.5623,77.118,monsoon,603.29,882.26,jute
74,46,45,25.75734909,88.36668522,6.025028997,189.4263485,100,13.0379,83.8412,monsoon,2574.68,3520.52,jute
89,41,38,23.12844351,74.68322732,6.344751947,199.8362913,68.17,15.9975,69.5974,monsoon,843.21,1256.05,jute
60,55,40,24.9949957,88.95692783,7.02777956,151.4935635,86.27,15.6582,86.7183,monsoon,1284.41,1778.92,jute
67,43,38,25.21622704,70.88259632,7.299304715,195.8645552,56.28,25.4696,74.3336,monsoon,642.9,755.68,jute
70,38,35,24.39736241,79.26861738,7.014063944,164.2697011,70.57,17.3842,82.0017,monsoon,967.35,1219.94,jute
74,49,38,23.31410442,71.4509053,7.488014404,164.4970373,47.82,26.1502,73.0565,monsoon,409.81,498.81,jute
90,40,39,25.72668885,81.86171563,6.626503893,191.9649389,100,11.3193,74.5303,monsoon,2599.88,3184.46,jute
82,35,44,26.96656378,78.21047693,6.239011,169.8391177,100,8.1996,70.8084,monsoon,2953.01,4295.5,jute
73,45,37,23.70467146,74.63745355,6.742688094,181.2783964,62.91,15.1971,71.9207,monsoon,791.27,974.79,jute
85,53,38,24.90075709,73.84186449,6.588017308,153.8990984,49.22,30.5754,85.1356,monsoon,410.93,574.15,jute
81,56,36,23.39605743,72.60512854,7.097586415,174.7876411,100,12.9937,81.5138,monsoon,2163.13,2953.55,jute
84,55,38,26.8748389,79.78725152,6.956682743,173.1017097,68.69,18.3417,80.6054,monsoon,949.33,1115.01,jute
80,45,42,23.1426498,74.99739774,7.380396262,151.9035477,74.57,18.6418,81.6075,monsoon,1032.49,1428.06,jute
76,54,45,24.29496635,77.62976013,6.176618831,184.9800516,80.96,21.9397,74.5523,monsoon,1150.38,1679.18,jute
76,56,39,24.39459498,89.89106506,6.551130445,197.1220049,62.95,17.8007,81.2628,monsoon,714.81,977.74,jute
81,40,45,25.7629429,80.76238215,6.427726565,174.5071843,43.53,24.6507,83.8865,monsoon,276.94,327.92,jute
76,44,45,25.4879684,84.48235878,6.740947635,168.7848886,100,13.8239,86.6927,monsoon,2138.88,3190.78,jute
69,47,40,25.37122686,76.2403666,6.130136384,183.8270791,78.19,16.9403,84.564,monsoon,1160.9,1489.59,jute
82,40,45,26.21312799,81.70476368,6.667633355,180.1237765,100,12.5152,78.2992,monsoon,3231.84,4148.98,jute
69,57,35,24.30748599,78.54340987,6.186814392,186.2337571,39.93,26.7891,76.6001,monsoon,180.68,231.1,jute
81,36,38,23.76554749,87.98329901,6.334837865,150.3166152,96.35,20.3494,82.8746,monsoon,1595.46,2042.54,jute
67,60,38,24.79853023,78.53037059,7.16214284,162.2847429,100,12.1842,82.6137,monsoon,3680.07,4865.64,jute
72,51,40,23.20683504,74.09956958,7.422318499,199.4766779,45.18,28.1637,71.7631,monsoon,311.08,436.74,jute
65,39,45,23.66805429,70.89000744,6.768001309,184.4633281,100,10.4413,68.798,monsoon,2243.5,3119.22,jute
78,50,43,25.12417673,85.72530641,6.348441469,159.5718087,52.58,24.9661,85.3143,monsoon,449.11,668.36,jute
77,52,41,23.89069041,83.46409075,6.097294061,167.7230632,63.33,16.4982,79.1409,monsoon,778.23,961.3,jute
89,52,42,23.09433785,81.45139295,6.14132902,196.6587013,55.96,31.5934,86.1371,monsoon,602.72,717.49,jute
62,49,37,24.21744605,82.85284045,7.479248124,166.1365886,48.74,28.5021,87.687,monsoon,376.12,528.8,jute
90,48,45,24.06475727,71.31342851,6.509174789,153.6390212,100,8.7979,75.6522,monsoon,2931.28,3705.76,jute
66,47,36,24.85441411,74.4407048,6.57256106,175.572958,42.73,24.9032,83.9199,monsoon,262.39,335.67,jute
80,52,39,26.41915161,76.85691248,7.165696848,197.2101782,50.56,31.5931,68.8246,monsoon,434.96,611.42,jute
89,52,45,24.89326318,77.01222585,7.207457208,196.469984,100,10.4022,69.0571,monsoon,3727.03,4934.27,jute
77,51,44,23.25583402,82.7015932,7.124333547,166.2160846,92.61,19.4198,68.145,monsoon,1414.19,2070.57,jute
94,37,41,24.7634518,87.06071115,6.463538707,179.1630865,100,8.5965,81.726,monsoon,2857.74,3869.59,jute
75,41,35,24.97042599,78.62697699,6.856833064,166.6415254,48.06,26.8745,84.8377,monsoon,369.27,521.1,jute
60,55,36,26.12797248,80.49172597,7.132389299,150.6326874,79.73,20.3541,69.0863,monsoon,1103.42,1640.9,jute
62,56,35,25.97825807,81.65769588,6.235357638,163.3488091,45.42,31.8459,68.1963,monsoon,300.76,415.62,jute
84,40,42,26.2830571,73.35763537,6.704273839,186.6898282,54.5,27.7464,69.4691,monsoon,559.79,731.49,jute
100,56,40,26.38905406,83.31240346,7.433313409,176.1516409,100,9.8653,70.7428,monsoon,3252.95,4735.66,jute
75,56,44,25.2746335,73.7459581,6.109478059,168.0432282,43.24,29.6798,76.7182,monsoon,288.81,339.13,jute
78,46,42,23.09499564,78.45959697,7.095413294,155.3851533,72.87,15.2921,80.8743,monsoon,1052.66,1264.65,jute
82,48,36,25.79351957,81.76904006,6.352076783,193.2418382,49.22,25.8835,75.1509,monsoon,379.66,563.26,jute
100,58,41,23.17403323,87.88255345,6.658769991,160.6217342,100,10.7636,82.5511,monsoon,2263.27,3347.32,jute
88,50,40,25.63215038,79.95150917,7.051822472,182.2582277,66.69,23.5273,74.464,monsoon,828.27,1141.95,jute
67,41,40,25.848795,87.81661683,7.333143205,152.6194403,100,9.7128,75.4943,monsoon,2894.17,4269.87,jute
72,42,43,26.56767277,80.90424543,6.352771037,181.2915605,43.37,28.1389,78.6447,monsoon,263.83,333.21,jute
89,40,43,26.24532085,72.97198375,7.124050134,189.9711184,42.18,24.0862,74.3343,monsoon,262.74,308.3,jute
89,57,43,26.91515043,73.19897535,6.998787171,177.2233048,100,11.8621,83.8184,monsoon,2082.53,2913.54,jute
61,41,44,24.36972377,82.11319791,6.537914958,159.9210934,59.08,29.6679,86.138,monsoon,631.23,882.78,jute
79,45,43,25.71901283,79.15532398,7.171054239,187.1735424,100,14.9001,69.6907,monsoon,3545.65,4459.42,jute
84,40,43,25.01157559,88.3313023,7.228268228,169.4168014,68.14,17.7676,77.0088,monsoon,885.33,1106.65,jute
98,43,35,25.40785911,76.44048625,7.319952206,188.6372826,69.35,15.0534,69.4839,monsoon,899.6,1247.81,jute
75,36,44,23.28081,74.27607475,6.613341343,153.7447398,72.24,18.7477,82.0917,monsoon,967.13,1364.47,jute
89,58,35,23.98651719,82.09053379,6.096838784,167.0576456,65.09,23.6162,68.4103,monsoon,795.17,1064.94,jute
91,41,37,24.48556447,83.20630007,6.132570523,192.2316221,69.66,20.2662,80.1551,monsoon,924.58,1190.05,jute
77,48,36,25.86705009,84.09985284,7.36008498,154.8390847,76.69,22.1072,77.3518,monsoon,1030.16,1511.47,jute
66,58,35,23.5643831,79.46283115,7.321619041,185.25947,100,8.8036,78.8734,monsoon,4044.72,5187.36,jute
62,59,41,24.2248758,74.89465426,7.175170657,192.4931257,100,12.7681,70.3409,monsoon,2288,3169.25,jute
82,35,35,25.49386782,86.97061481,7.299076163,176.5268267,45.54,25.7633,74.2774,monsoon,306.91,380.31,jute
61,41,35,24.97178693,79.47557931,6.842966479,195.7571622,100,11.5944,81.5841,monsoon,3067.84,4159.73,jute
99,57,38,24.80624984,82.09281674,6.356295568,156.3616174,72.91,18.1321,73.4903,monsoon,957.49,1370.36,jute
70,42,43,23.16814977,76.66724969,6.508342839,157.1215052,100,9.2549,77.7159,monsoon,3134.56,3937,jute
90,59,35,24.25133493,89.86454053,7.098227926,175.1742112,48.37,24.6897,86.0797,monsoon,358.44,480.78,jute
73,43,42,26.58361011,78.00774772,6.310699968,154.8238864,100,13.5512,80.4552,monsoon,3171.96,4601.48,jute
67,46,44,26.82489244,78.20392774,7.093328631,153.9199807,100,13.2855,68.9782,monsoon,2953.12,4255.1,jute
84,37,42,25.49674786,81.13449097,6.691074249,169.9288234,55.99,24.9087,86.4851,monsoon,604.54,718.94,jute
72,41,36,24.09874353,80.57226761,6.187746776,176.8604109,42.28,29.7779,75.6275,monsoon,219.54,322.05,jute
71,56,37,23.18866654,86.20899734,6.491506245,176.103677,72.83,20.0441,76.4854,monsoon,996.69,1285.01,jute
64,53,38,26.24347471,78.51063754,6.855362875,183.4065252,100,14.1168,69.8915,monsoon,4587.47,5540.99,jute
65,54,39,23.75091572,71.14782585,7.124571593,160.0889553,80.81,18.3689,69.041,monsoon,1192.43,1656.67,jute
60,58,37,26.13871511,79.1188943,6.067302109,171.4892533,66.61,21.7168,86.3489,monsoon,893.85,1054.8,jute
86,39,43,26.14576648,71.23690851,6.432051512,193.1007598,79.78,15.9196,75.8935,monsoon,1151.89,1641.07,jute
90,50,44,26.91643698,73.48655995,6.253408852,171.4716375,76.11,16.6822,79.5009,monsoon,1093.31,1459.51,jute
91,38,36,26.5232969,77.17331847,7.287318723,157.8548562,100,10.3573,76.8214,monsoon,2973.98,4103.93,jute
87,48,38,23.81579631,80.94023552,7.161865733,190.312216,89.25,23.2888,87.7446,monsoon,1453.11,1806.32,jute
72,41,36,26.50838667,86.84264005,6.065898283,152.9801697,67.91,19.8958,77.3887,monsoon,892.79,1091.14,jute
71,54,35,26.63952463,70.95705996,7.311077075,199.3355744,95.53,16.0377,86.9389,monsoon,1586.63,2113.21,jute
82,46,41,23.3250131,79.79609448,6.581693772,187.3096148,47.61,28.2683,80.6879,monsoon,362.52,492.24,jute
71,52,43,26.47549543,73.96164569,6.732826127,180.2513601,73.48,17.9398,72.4511,monsoon,1024.84,1372.36,jute
80,43,43,23.78756036,74.36794079,6.014572075,172.6442654,68.52,16.4532,76.6461,monsoon,940.43,1151.34,jute
77,55,43,25.49941707,75.99987588,6.663559451,193.7141828,77.62,23.9461,80.329,monsoon,1176.86,1432.45,jute
95,57,41,23.24925555,73.65346838,6.434610995,184.7674863,57.28,16.1578,84.2429,monsoon,601.9,858.71,jute
63,47,35,26.98582182,89.05587886,7.432768147,193.8778713,68.41,19.9252,79.589,monsoon,912.65,1083.57,jute
93,43,38,23.61475336,86.14290267,6.987332927,150.2355238,100,9.3594,85.8371,monsoon,4281.65,5268.37,jute
87,44,43,23.87484465,86.79261344,6.718725189,177.5147313,41.44,26.6037,74.2601,monsoon,195.88,256.42,jute
88,52,39,23.92887902,88.07112278,6.880204617,154.6608736,43.15,24.6128,77.6365,monsoon,230.29,316.12,jute
90,39,37,24.81441246,81.68688879,6.86106911,190.7886386,100,9.4777,76.5804,monsoon,2514.77,3531.68,jute
90,39,43,24.44743944,82.286484,6.7693455,190.9684885,46.26,25.2617,75.1213,monsoon,327.64,432.21,jute
84,38,43,26.57421679,73.81994896,7.26158085,159.3223075,41.1,28.6408,71.0207,monsoon,208.52,303.19,jute
91,21,26,26.33377983,57.36469955,7.261313694,191.6549412,43.73,31.3637,70.3393,monsoon,307,457.03,coffee
107,21,26,26.45288458,55.32222678,7.235070264,144.6861336,55.72,31.7148,87.3202,monsoon,610.89,864.69,coffee
83,38,35,25.70822684,52.88667115,7.18915558,136.7325092,68.82,23.5482,75.9061,monsoon,935.29,1321.72,coffee
108,24,31,24.12832546,56.18107663,6.431899748,147.2757818,100,9.1192,83.7949,monsoon,4156.15,5412.74,coffee
116,28,34,23.44372334,60.39523266,6.42321105,122.2103248,43.59,25.377,70.4449,monsoon,305.82,428.89,coffee
116,23,25,23.4123707,52.26994674,6.869720196,139.3670753,87.28,23.2237,68.9138,monsoon,1488.23,1819.36,coffee
109,31,27,23.05951896,50.40609436,6.973839707,164.4971875,100,13.5029,72.475,monsoon,2339.89,3133.7,coffee
89,25,34,23.07895447,63.65861483,7.184801627,129.8765443,100,9.452,81.2964,monsoon,2319.87,3108.84,coffee
118,18,32,27.6496114,51.11044023,6.351823783,122.8392822,86.76,23.6938,75.9834,monsoon,1419,1884.93,coffee
111,32,34,25.46743689,69.35161206,6.392048018,171.3764462,100,10.9536,75.0641,monsoon,3326.45,3980.69,coffee
84,36,28,26.7350622,55.55164819,6.119892347,140.6305213,81.15,15.9589,82.4354,monsoon,1201.07,1771.78,coffee
85,33,25,26.20811417,52.50987966,6.910823945,189.0944824,39.92,30.6923,78.9777,monsoon,232.31,334.84,coffee
99,15,27,27.0424167,57.27927475,6.501157208,165.6872119,100,10.7176,84.68,monsoon,3789.9,4475.4,coffee
81,30,31,24.65090184,51.93952357,7.027585559,135.1386537,68.5,16.8314,82.1141,monsoon,964.88,1267.33,coffee
95,39,29,27.35152643,55.99375012,7.13411409,148.9812525,72.64,18.2135,75.5171,monsoon,1007.15,1460.03,coffee
81,34,30,25.17787724,62.26244581,6.647765997,135.0119649,43.89,27.821,81.6433,monsoon,314.5,424.64,coffee
80,15,28,23.11438731,68.00096043,6.703270635,161.8944624,100,9.228,68.6014,monsoon,3519.35,4218.7,coffee
104,20,26,27.22783677,52.95261751,7.493191968,175.7260273,41.48,28.8461,73.7714,monsoon,288,361.42,coffee
109,29,28,23.26316991,60.5160021,6.724688503,194.1755471,100,8.5588,81.2462,monsoon,2229.64,2731.29,coffee
100,32,26,25.234661,57.53161469,6.043485685,124.2261737,45.61,24.8871,70.0393,monsoon,369.99,497.05,coffee
100,24,28,25.59535262,57.72920846,7.101661011,195.7733251,100,14.8453,72.6197,monsoon,3446.99,4559.63,coffee
83,21,28,25.5674832,60.49244602,7.466900683,190.2257843,73.59,15.9271,70.2344,monsoon,1013.12,1485.32,coffee
120,23,28,25.67324193,51.29043632,6.877799264,196.2736367,100,10.4566,78.5026,monsoon,2785.39,3982.29,coffee
104,26,30,24.40726724,62.65692638,6.410992833,148.6977358,100,11.0824,83.858,monsoon,4584.87,6073.54,coffee
108,33,31,23.69287069,66.76090123,7.393825704,144.6576424,49.96,28.2828,76.8909,monsoon,433.62,640.65,coffee
91,25,26,24.53460016,66.99765375,7.482414225,180.5059257,54.78,28.044,85.0479,monsoon,554.34,799.89,coffee
86,26,27,27.13140403,52.89368299,6.081172981,192.4280381,100,9.9788,73.8544,monsoon,2669.08,3780.78,coffee
98,18,27,27.56088634,68.49299897,6.516312148,167.4358075,42.28,24.1104,84.4334,monsoon,261.21,347.23,coffee
111,27,31,23.59302313,55.27564977,6.043330951,191.3980675,74.78,20.148,82.5381,monsoon,1123.02,1452.74,coffee
84,39,35,23.17714381,52.13864034,6.959404135,117.3113562,100,11.0616,74.3966,monsoon,3377.08,4954.83,coffee
98,27,27,24.71384065,51.29142534,7.238109556,197.6439711,100,11.7929,69.0629,monsoon,3511.68,4192.16,coffee
118,21,34,24.38534644,64.72543073,7.234258375,119.6324109,81.9,22.7423,83.0488,monsoon,1251.67,1692.87,coffee
103,27,31,27.15998538,51.59100753,6.691541233,126.1752206,79.96,18.3336,73.848,monsoon,1247.89,1656.49,coffee
82,24,33,26.53543168,67.09608099,6.809593554,120.6494434,70.57,16.1087,78.4822,monsoon,966.28,1302.54,coffee
86,31,35,27.01207284,60.76645256,6.485761419,191.4508931,100,9.8848,74.7533,monsoon,3562.76,5141.23,coffee
88,35,35,27.55906475,58.45742907,6.784460602,117.9389993,71.4,19.5285,82.4537,monsoon,977.61,1399.91,coffee
84,27,29,23.32293161,53.00366334,7.167092586,168.2644287,100,12.9829,69.5587,monsoon,2055.72,2445.02,coffee
120,40,33,24.23850608,54.30329632,6.73410539,115.1564012,48.49,27.4285,78.0496,monsoon,447.59,606.86,coffee
106,40,30,23.42611644,64.10651528,6.779984384,122.6847408,51.65,24.9324,72.9136,monsoon,521.96,653.01,coffee
113,21,33,26.02241444,55.83288958,7.277422738,176.9020924,100,13.6024,68.0786,monsoon,2790.36,3686.16,coffee
117,34,25,24.83846178,56.7685316,7.21270048,124.4135035,100,8.3356,79.3215,monsoon,2370.22,3474.91,coffee
80,30,25,26.24092174,65.64381357,7.487266991,148.3771202,100,13.4354,69.985,monsoon,4156.98,5887.19,coffee
88,21,27,24.43011925,66.02411187,7.231166546,181.6368274,100,12.4453,79.0896,monsoon,3461.85,4193.37,coffee
113,33,34,26.00373964,62.1445102,6.559817161,153.477776,100,14.916,72.2706,monsoon,4247.21,6144.72,coffee
87,23,28,26.22367404,62.26594559,6.979590627,193.7461968,100,10.8551,83.8491,monsoon,3785.21,4805.21,coffee
113,15,29,27.09617155,63.55324262,6.779230041,190.2440566,41.94,26.5213,76.6111,monsoon,255.19,365.13,coffee
98,29,30,25.64004392,61.03273481,6.217974349,199.4735636,49.83,26.8273,84.301,monsoon,469.47,622.5,coffee
97,29,27,27.74576987,54.36976075,7.205078785,139.8619431,43.74,30.0432,74.323,monsoon,340.54,433.06,coffee
85,35,32,26.24928198,54.28617819,6.854011265,133.1120232,100,14.8568,85.6846,monsoon,2504.98,3225.88,coffee
82,29,35,26.67377159,52.24226285,6.246872394,156.1543898,49.66,27.6025,79.5259,monsoon,514.54,609.77,coffee
103,33,25,27.10210397,55.7497332,6.911066044,139.5013171,55.04,22.5981,87.7799,monsoon,645.85,769.94,coffee
112,17,28,27.62975458,61.26002598,6.777417989,196.6492664,100,11.6464,72.2195,monsoon,3367.64,4026.94,coffee
99,19,33,27.5364547,55.51673151,6.273741983,130.6377143,100,12.4176,80.0212,monsoon,2294.56,3289.39,coffee
120,20,34,23.56960509,50.56339727,6.906124587,130.3797119,100,8.2468,73.8191,monsoon,2405.22,2936.56,coffee
114,27,28,24.99451759,57.93250202,7.162802357,192.8736822,100,13.1419,74.4299,monsoon,2022.09,2562.22,coffee
100,40,35,27.56441788,54.41094079,6.955787351,177.816092,53.57,29.4223,84.9503,monsoon,574.7,775.42,coffee
108,35,25,23.98143338,61.10935084,6.971963169,161.5279095,100,11.9587,81.3423,monsoon,3527.43,4908.77,coffee
115,31,30,24.22984659,67.37768353,6.840927967,122.4073418,74.05,16.1479,79.894,monsoon,1004.75,1481.33,coffee
87,28,30,25.60153969,68.66257977,6.536676653,168.8383605,45.43,30.5632,81.1406,monsoon,342.07,448.33,coffee
82,24,26,24.31274458,53.57285558,6.089443603,184.4103931,43.37,31.7109,68.7607,monsoon,308.64,456.08,coffee
94,26,27,26.36629861,52.25738495,7.456460375,177.3176161,51.9,30.4518,72.647,monsoon,514.62,758.68,coffee
87,28,35,26.5602777,57.1621814,6.759211911,152.0616227,100,9.7013,82.0622,monsoon,3014.43,3973.13,coffee
118,40,35,26.35034208,58.50650238,7.460174812,121.5586297,49.61,30.8922,68.8812,monsoon,473.61,619.4,coffee
87,38,29,25.20406808,57.88370456,6.652642579,156.1457255,52.65,25.4414,87.0292,monsoon,562.93,707.08,coffee
92,40,30,23.35723208,55.18792166,6.026287448,171.6976946,100,14.0047,72.1486,monsoon,3801.44,5506.98,coffee
97,22,26,23.60567546,59.68849145,6.074190142,185.1568059,80.21,20.4494,77.2963,monsoon,1227,1647.02,coffee
99,40,32,24.18471151,69.94807345,7.045543056,163.2708732,68.43,18.6806,71.6444,monsoon,932.31,1186.07,coffee
89,28,33,26.44414097,53.83876189,6.993236001,175.3723314,55.54,19.8895,76.079,monsoon,604.08,871.39,coffee
112,39,29,26.12492233,63.37479229,6.726528895,147.8035305,51.12,27.6871,76.0566,monsoon,468.51,694.37,coffee
111,28,26,27.77363343,64.47858698,6.937352845,192.7121236,100,9.0442,81.235,monsoon,3321.68,4197.97,coffee
114,20,26,25.55656667,62.67087838,7.27905689,193.5866233,41.67,24.625,86.0266,monsoon,273.49,329.18,coffee
117,26,30,27.92374437,67.96910852,7.079850922,115.2325531,71.49,21.6909,86.7569,monsoon,976.7,1344.01,coffee
111,29,31,26.05968403,52.31098539,6.136286518,161.3432535,65.02,22.6045,82.5737,monsoon,894.75,1126.58,coffee
119,30,28,26.35770906,64.57578034,6.505203696,163.6269496,100,11.5526,72.8735,monsoon,1967.3,2557.03,coffee
116,40,33,24.91370487,54.15319242,7.042089492,129.5481144,100,9.2246,73.0989,monsoon,2697.55,3952.85,coffee
95,37,35,27.31317116,68.4233391,6.348337519,192.4288139,47.15,28.5563,80.5206,monsoon,402.36,484.15,coffee
86,40,33,26.1387869,52.26311691,7.432322234,136.3027766,100,12.7963,80.9134,monsoon,3602.14,4841.8,coffee
117,37,32,23.1069385,67.06230539,6.787658922,162.5769606,40.06,28.6353,85.3553,monsoon,212.66,273.12,coffee
105,18,35,23.52648086,68.44030686,6.743417121,171.8839938,82.76,19.9702,70.1924,monsoon,1299.41,1661.52,coffee
109,23,25,25.11711046,68.48030408,7.00733163,194.8773479,85.15,22.2237,69.545,monsoon,1269.08,1861.63,coffee
80,18,31,24.02952505,58.84880599,7.303033217,134.6803969,65.3,23.478,68.6382,monsoon,896.83,1098.7,coffee
101,31,26,26.70897548,69.71184111,6.861235184,158.8608887,52.52,31.1477,84.0428,monsoon,487.95,719.33,coffee
103,33,33,26.71717393,50.50148528,7.131435858,126.8073984,72.37,21.4504,86.8141,monsoon,1049.79,1421.67,coffee
93,26,27,24.59245684,56.46829641,7.288211994,137.7044047,40.09,25.6913,73.3382,monsoon,238.29,312.06,coffee
104,35,28,27.51006055,50.66687215,6.983732393,143.9955548,100,10.8537,68.3558,monsoon,4543.82,5579.4,coffee
116,36,25,27.57847581,58.52534263,6.172090205,156.6810374,41.76,30.669,77.0863,monsoon,272.72,363.7,coffee
107,38,29,26.65069302,57.56695719,6.35118177,145.105065,46.54,27.0898,87.5356,monsoon,398.33,521.1,coffee
101,33,33,26.97251562,62.0183627,6.908671379,142.8610793,76.06,15.4717,70.2164,monsoon,1111.64,1508.31,coffee
107,31,31,23.17124551,52.97841162,6.766184468,153.1201644,41.82,27.243,72.2376,monsoon,280.13,394.71,coffee
99,16,30,23.52652084,65.44340921,6.392791654,186.1728203,65.87,21.8547,87.5462,monsoon,868.07,1130.95,coffee
103,40,30,27.30901814,55.196224,6.348316257,141.4831644,61.77,20.0515,87.3549,monsoon,749.36,1084.27,coffee
118,31,34,27.54823036,62.88179198,6.123796057,181.4170812,46.53,25.6686,86.4949,monsoon,404.1,477.45,coffee
106,21,35,25.627355,57.04151119,7.428523634,188.5506536,100,14.7988,82.3525,monsoon,2883.95,3598.13,coffee
116,38,34,23.29250318,50.04557009,6.020947179,183.468585,54.71,15.9345,69.8622,monsoon,599.78,847.21,coffee
97,35,26,24.91461008,53.74144743,6.334610249,166.2549307,75.18,23.8077,84.7601,monsoon,1070.96,1558.99,coffee
107,34,32,26.77463708,66.4132686,6.78006386,177.7745075,79.95,21.6273,74.3649,monsoon,1203.2,1616.4,coffee
99,15,27,27.41711238,56.63636248,6.086922359,127.92461,100,9.5894,81.6905,monsoon,2993.32,4042.34,coffee
118,33,30,24.13179691,67.22512329,6.362607851,173.3228386,56.99,24.8032,74.8162,monsoon,642.11,828.02,coffee
117,32,34,26.2724184,52.12739421,6.758792552,127.1752928,67.21,21.0615,87.3685,monsoon,923.21,1235.65,coffee
104,18,30,23.60301571,60.39647474,6.779832611,140.9370415,74.73,23.8075,76.4932,monsoon,1106.12,1437.91,coffee
